Title,Year,Rating,Director,Actors,URL
The Shawshank Redemption,1994,9.2,Frank Darabont,"Tim Robbins, Morgan Freeman",https://www.imdb.com/title/tt0111161/?pf_rd_m=A2FGELUUNOQJNL&pf_rd_p=e31d89dd-322d-4646-8962-327b42fe94b1&pf_rd_r=YNFJ1YWW18BW8Q97NX74&pf_rd_s=center-1&pf_rd_t=15506&pf_rd_i=top&ref_=chttp_tt_1
The Godfather,1972,9.2,Francis Ford Coppola,"Marlon Brando, Al Pacino",https://www.imdb.com/title/tt0068646/?pf_rd_m=A2FGELUUNOQJNL&pf_rd_p=e31d89dd-322d-4646-8962-327b42fe94b1&pf_rd_r=YNFJ1YWW18BW8Q97NX74&pf_rd_s=center-1&pf_rd_t=15506&pf_rd_i=top&ref_=chttp_tt_2
The Godfather: Part II,1974,9.0,Francis Ford Coppola,"Al Pacino, Robert De Niro",https://www.imdb.com/title/tt0071562/?pf_rd_m=A2FGELUUNOQJNL&pf_rd_p=e31d89dd-322d-4646-8962-327b42fe94b1&pf_rd_r=YNFJ1YWW18BW8Q97NX74&pf_rd_s=center-1&pf_rd_t=15506&pf_rd_i=top&ref_=chttp_tt_3
The Dark Knight,2008,9.0,Christopher Nolan,"Christian Bale, Heath Ledger",https://www.imdb.com/title/tt0468569/?pf_rd_m=A2FGELUUNOQJNL&pf_rd_p=e31d89dd-322d-4646-8962-327b42fe94b1&pf_rd_r=YNFJ1YWW18BW8Q97NX74&pf_rd_s=center-1&pf_rd_t=15506&pf_rd_i=top&ref_=chttp_tt_4
12 Angry Men,1957,8.9,Sidney Lumet,"Henry Fonda, Lee J. Cobb",https://www.imdb.com/title/tt0050083/?pf_rd_m=A2FGELUUNOQJNL&pf_rd_p=e31d89dd-322d-4646-8962-327b42fe94b1&pf_rd_r=YNFJ1YWW18BW8Q97NX74&pf_rd_s=center-1&pf_rd_t=15506&pf_rd_i=top&ref_=chttp_tt_5
Schindler's List,1993,8.9,Steven Spielberg,"Liam Neeson, Ralph Fiennes",https://www.imdb.com/title/tt0108052/?pf_rd_m=A2FGELUUNOQJNL&pf_rd_p=e31d89dd-322d-4646-8962-327b42fe94b1&pf_rd_r=YNFJ1YWW18BW8Q97NX74&pf_rd_s=center-1&pf_rd_t=15506&pf_rd_i=top&ref_=chttp_tt_6
The Lord of the Rings: The Return of the King,2003,8.9,Peter Jackson,"Elijah Wood, Viggo Mortensen",https://www.imdb.com/title/tt0167260/?pf_rd_m=A2FGELUUNOQJNL&pf_rd_p=e31d89dd-322d-4646-8962-327b42fe94b1&pf_rd_r=YNFJ1YWW18BW8Q97NX74&pf_rd_s=center-1&pf_rd_t=15506&pf_rd_i=top&ref_=chttp_tt_7
Pulp Fiction,1994,8.9,Quentin Tarantino,"John Travolta, Uma Thurman",https://www.imdb.com/title/tt0110912/?pf_rd_m=A2FGELUUNOQJNL&pf_rd_p=e31d89dd-322d-4646-8962-327b42fe94b1&pf_rd_r=YNFJ1YWW18BW8Q97NX74&pf_rd_s=center-1&pf_rd_t=15506&pf_rd_i=top&ref_=chttp_tt_8
"Il buono, il brutto, il cattivo",1966,8.8,Sergio Leone,"Clint Eastwood, Eli Wallach",https://www.imdb.com/title/tt0060196/?pf_rd_m=A2FGELUUNOQJNL&pf_rd_p=e31d89dd-322d-4646-8962-327b42fe94b1&pf_rd_r=YNFJ1YWW18BW8Q97NX74&pf_rd_s=center-1&pf_rd_t=15506&pf_rd_i=top&ref_=chttp_tt_9
Fight Club,1999,8.8,David Fincher,"Brad Pitt, Edward Norton",https://www.imdb.com/title/tt0137523/?pf_rd_m=A2FGELUUNOQJNL&pf_rd_p=e31d89dd-322d-4646-8962-327b42fe94b1&pf_rd_r=YNFJ1YWW18BW8Q97NX74&pf_rd_s=center-1&pf_rd_t=15506&pf_rd_i=top&ref_=chttp_tt_10
The Lord of the Rings: The Fellowship of the Ring,2001,8.8,Peter Jackson,"Elijah Wood, Ian McKellen",https://www.imdb.com/title/tt0120737/?pf_rd_m=A2FGELUUNOQJNL&pf_rd_p=e31d89dd-322d-4646-8962-327b42fe94b1&pf_rd_r=YNFJ1YWW18BW8Q97NX74&pf_rd_s=center-1&pf_rd_t=15506&pf_rd_i=top&ref_=chttp_tt_11
Forrest Gump,1994,8.7,Robert Zemeckis,"Tom Hanks, Robin Wright",https://www.imdb.com/title/tt0109830/?pf_rd_m=A2FGELUUNOQJNL&pf_rd_p=e31d89dd-322d-4646-8962-327b42fe94b1&pf_rd_r=YNFJ1YWW18BW8Q97NX74&pf_rd_s=center-1&pf_rd_t=15506&pf_rd_i=top&ref_=chttp_tt_12
Star Wars: Episode V - The Empire Strikes Back,1980,8.7,Irvin Kershner,"Mark Hamill, Harrison Ford",https://www.imdb.com/title/tt0080684/?pf_rd_m=A2FGELUUNOQJNL&pf_rd_p=e31d89dd-322d-4646-8962-327b42fe94b1&pf_rd_r=YNFJ1YWW18BW8Q97NX74&pf_rd_s=center-1&pf_rd_t=15506&pf_rd_i=top&ref_=chttp_tt_13
Inception,2010,8.7,Christopher Nolan,"Leonardo DiCaprio, Joseph Gordon-Levitt",https://www.imdb.com/title/tt1375666/?pf_rd_m=A2FGELUUNOQJNL&pf_rd_p=e31d89dd-322d-4646-8962-327b42fe94b1&pf_rd_r=YNFJ1YWW18BW8Q97NX74&pf_rd_s=center-1&pf_rd_t=15506&pf_rd_i=top&ref_=chttp_tt_14
The Lord of the Rings: The Two Towers,2002,8.7,Peter Jackson,"Elijah Wood, Ian McKellen",https://www.imdb.com/title/tt0167261/?pf_rd_m=A2FGELUUNOQJNL&pf_rd_p=e31d89dd-322d-4646-8962-327b42fe94b1&pf_rd_r=YNFJ1YWW18BW8Q97NX74&pf_rd_s=center-1&pf_rd_t=15506&pf_rd_i=top&ref_=chttp_tt_15
One Flew Over the Cuckoo's Nest,1975,8.7,Milos Forman,"Jack Nicholson, Louise Fletcher",https://www.imdb.com/title/tt0073486/?pf_rd_m=A2FGELUUNOQJNL&pf_rd_p=e31d89dd-322d-4646-8962-327b42fe94b1&pf_rd_r=YNFJ1YWW18BW8Q97NX74&pf_rd_s=center-1&pf_rd_t=15506&pf_rd_i=top&ref_=chttp_tt_16
Goodfellas,1990,8.7,Martin Scorsese,"Robert De Niro, Ray Liotta",https://www.imdb.com/title/tt0099685/?pf_rd_m=A2FGELUUNOQJNL&pf_rd_p=e31d89dd-322d-4646-8962-327b42fe94b1&pf_rd_r=YNFJ1YWW18BW8Q97NX74&pf_rd_s=center-1&pf_rd_t=15506&pf_rd_i=top&ref_=chttp_tt_17
The Matrix,1999,8.6,Lana Wachowski,"Keanu Reeves, Laurence Fishburne",https://www.imdb.com/title/tt0133093/?pf_rd_m=A2FGELUUNOQJNL&pf_rd_p=e31d89dd-322d-4646-8962-327b42fe94b1&pf_rd_r=YNFJ1YWW18BW8Q97NX74&pf_rd_s=center-1&pf_rd_t=15506&pf_rd_i=top&ref_=chttp_tt_18
Shichinin no samurai,1954,8.6,Akira Kurosawa,"Toshirô Mifune, Takashi Shimura",https://www.imdb.com/title/tt0047478/?pf_rd_m=A2FGELUUNOQJNL&pf_rd_p=e31d89dd-322d-4646-8962-327b42fe94b1&pf_rd_r=YNFJ1YWW18BW8Q97NX74&pf_rd_s=center-1&pf_rd_t=15506&pf_rd_i=top&ref_=chttp_tt_19
Avengers: Infinity War,2018,8.6,Anthony Russo,"Robert Downey Jr., Chris Hemsworth",https://www.imdb.com/title/tt4154756/?pf_rd_m=A2FGELUUNOQJNL&pf_rd_p=e31d89dd-322d-4646-8962-327b42fe94b1&pf_rd_r=YNFJ1YWW18BW8Q97NX74&pf_rd_s=center-1&pf_rd_t=15506&pf_rd_i=top&ref_=chttp_tt_20
Cidade de Deus,2002,8.6,Fernando Meirelles,"Alexandre Rodrigues, Leandro Firmino",https://www.imdb.com/title/tt0317248/?pf_rd_m=A2FGELUUNOQJNL&pf_rd_p=e31d89dd-322d-4646-8962-327b42fe94b1&pf_rd_r=YNFJ1YWW18BW8Q97NX74&pf_rd_s=center-1&pf_rd_t=15506&pf_rd_i=top&ref_=chttp_tt_21
Star Wars,1977,8.6,George Lucas,"Mark Hamill, Harrison Ford",https://www.imdb.com/title/tt0076759/?pf_rd_m=A2FGELUUNOQJNL&pf_rd_p=e31d89dd-322d-4646-8962-327b42fe94b1&pf_rd_r=YNFJ1YWW18BW8Q97NX74&pf_rd_s=center-1&pf_rd_t=15506&pf_rd_i=top&ref_=chttp_tt_22
Se7en,1995,8.6,David Fincher,"Morgan Freeman, Brad Pitt",https://www.imdb.com/title/tt0114369/?pf_rd_m=A2FGELUUNOQJNL&pf_rd_p=e31d89dd-322d-4646-8962-327b42fe94b1&pf_rd_r=YNFJ1YWW18BW8Q97NX74&pf_rd_s=center-1&pf_rd_t=15506&pf_rd_i=top&ref_=chttp_tt_23
The Silence of the Lambs,1991,8.6,Jonathan Demme,"Jodie Foster, Anthony Hopkins",https://www.imdb.com/title/tt0102926/?pf_rd_m=A2FGELUUNOQJNL&pf_rd_p=e31d89dd-322d-4646-8962-327b42fe94b1&pf_rd_r=YNFJ1YWW18BW8Q97NX74&pf_rd_s=center-1&pf_rd_t=15506&pf_rd_i=top&ref_=chttp_tt_24
It's a Wonderful Life,1946,8.6,Frank Capra,"James Stewart, Donna Reed",https://www.imdb.com/title/tt0038650/?pf_rd_m=A2FGELUUNOQJNL&pf_rd_p=e31d89dd-322d-4646-8962-327b42fe94b1&pf_rd_r=YNFJ1YWW18BW8Q97NX74&pf_rd_s=center-1&pf_rd_t=15506&pf_rd_i=top&ref_=chttp_tt_25
La vita è bella,1997,8.6,Roberto Benigni,"Roberto Benigni, Nicoletta Braschi",https://www.imdb.com/title/tt0118799/?pf_rd_m=A2FGELUUNOQJNL&pf_rd_p=e31d89dd-322d-4646-8962-327b42fe94b1&pf_rd_r=YNFJ1YWW18BW8Q97NX74&pf_rd_s=center-1&pf_rd_t=15506&pf_rd_i=top&ref_=chttp_tt_26
The Usual Suspects,1995,8.6,Bryan Singer,"Kevin Spacey, Gabriel Byrne",https://www.imdb.com/title/tt0114814/?pf_rd_m=A2FGELUUNOQJNL&pf_rd_p=e31d89dd-322d-4646-8962-327b42fe94b1&pf_rd_r=YNFJ1YWW18BW8Q97NX74&pf_rd_s=center-1&pf_rd_t=15506&pf_rd_i=top&ref_=chttp_tt_27
Sen to Chihiro no kamikakushi,2001,8.5,Hayao Miyazaki,"Daveigh Chase, Suzanne Pleshette",https://www.imdb.com/title/tt0245429/?pf_rd_m=A2FGELUUNOQJNL&pf_rd_p=e31d89dd-322d-4646-8962-327b42fe94b1&pf_rd_r=YNFJ1YWW18BW8Q97NX74&pf_rd_s=center-1&pf_rd_t=15506&pf_rd_i=top&ref_=chttp_tt_28
Saving Private Ryan,1998,8.5,Steven Spielberg,"Tom Hanks, Matt Damon",https://www.imdb.com/title/tt0120815/?pf_rd_m=A2FGELUUNOQJNL&pf_rd_p=e31d89dd-322d-4646-8962-327b42fe94b1&pf_rd_r=YNFJ1YWW18BW8Q97NX74&pf_rd_s=center-1&pf_rd_t=15506&pf_rd_i=top&ref_=chttp_tt_29
Léon,1994,8.5,Luc Besson,"Jean Reno, Gary Oldman",https://www.imdb.com/title/tt0110413/?pf_rd_m=A2FGELUUNOQJNL&pf_rd_p=e31d89dd-322d-4646-8962-327b42fe94b1&pf_rd_r=YNFJ1YWW18BW8Q97NX74&pf_rd_s=center-1&pf_rd_t=15506&pf_rd_i=top&ref_=chttp_tt_30
The Green Mile,1999,8.5,Frank Darabont,"Tom Hanks, Michael Clarke Duncan",https://www.imdb.com/title/tt0120689/?pf_rd_m=A2FGELUUNOQJNL&pf_rd_p=e31d89dd-322d-4646-8962-327b42fe94b1&pf_rd_r=YNFJ1YWW18BW8Q97NX74&pf_rd_s=center-1&pf_rd_t=15506&pf_rd_i=top&ref_=chttp_tt_31
Interstellar,2014,8.5,Christopher Nolan,"Matthew McConaughey, Anne Hathaway",https://www.imdb.com/title/tt0816692/?pf_rd_m=A2FGELUUNOQJNL&pf_rd_p=e31d89dd-322d-4646-8962-327b42fe94b1&pf_rd_r=YNFJ1YWW18BW8Q97NX74&pf_rd_s=center-1&pf_rd_t=15506&pf_rd_i=top&ref_=chttp_tt_32
American History X,1998,8.5,Tony Kaye,"Edward Norton, Edward Furlong",https://www.imdb.com/title/tt0120586/?pf_rd_m=A2FGELUUNOQJNL&pf_rd_p=e31d89dd-322d-4646-8962-327b42fe94b1&pf_rd_r=YNFJ1YWW18BW8Q97NX74&pf_rd_s=center-1&pf_rd_t=15506&pf_rd_i=top&ref_=chttp_tt_33
Psycho,1960,8.5,Alfred Hitchcock,"Anthony Perkins, Janet Leigh",https://www.imdb.com/title/tt0054215/?pf_rd_m=A2FGELUUNOQJNL&pf_rd_p=e31d89dd-322d-4646-8962-327b42fe94b1&pf_rd_r=YNFJ1YWW18BW8Q97NX74&pf_rd_s=center-1&pf_rd_t=15506&pf_rd_i=top&ref_=chttp_tt_34
Once Upon a Time in the West,1968,8.5,Sergio Leone,"Henry Fonda, Charles Bronson",https://www.imdb.com/title/tt0064116/?pf_rd_m=A2FGELUUNOQJNL&pf_rd_p=e31d89dd-322d-4646-8962-327b42fe94b1&pf_rd_r=YNFJ1YWW18BW8Q97NX74&pf_rd_s=center-1&pf_rd_t=15506&pf_rd_i=top&ref_=chttp_tt_35
City Lights,1931,8.5,Charles Chaplin,"Charles Chaplin, Virginia Cherrill",https://www.imdb.com/title/tt0021749/?pf_rd_m=A2FGELUUNOQJNL&pf_rd_p=e31d89dd-322d-4646-8962-327b42fe94b1&pf_rd_r=YNFJ1YWW18BW8Q97NX74&pf_rd_s=center-1&pf_rd_t=15506&pf_rd_i=top&ref_=chttp_tt_36
Casablanca,1942,8.5,Michael Curtiz,"Humphrey Bogart, Ingrid Bergman",https://www.imdb.com/title/tt0034583/?pf_rd_m=A2FGELUUNOQJNL&pf_rd_p=e31d89dd-322d-4646-8962-327b42fe94b1&pf_rd_r=YNFJ1YWW18BW8Q97NX74&pf_rd_s=center-1&pf_rd_t=15506&pf_rd_i=top&ref_=chttp_tt_37
Modern Times,1936,8.5,Charles Chaplin,"Charles Chaplin, Paulette Goddard",https://www.imdb.com/title/tt0027977/?pf_rd_m=A2FGELUUNOQJNL&pf_rd_p=e31d89dd-322d-4646-8962-327b42fe94b1&pf_rd_r=YNFJ1YWW18BW8Q97NX74&pf_rd_s=center-1&pf_rd_t=15506&pf_rd_i=top&ref_=chttp_tt_38
The Intouchables,2011,8.5,Olivier Nakache,"François Cluzet, Omar Sy",https://www.imdb.com/title/tt1675434/?pf_rd_m=A2FGELUUNOQJNL&pf_rd_p=e31d89dd-322d-4646-8962-327b42fe94b1&pf_rd_r=YNFJ1YWW18BW8Q97NX74&pf_rd_s=center-1&pf_rd_t=15506&pf_rd_i=top&ref_=chttp_tt_39
The Pianist,2002,8.5,Roman Polanski,"Adrien Brody, Thomas Kretschmann",https://www.imdb.com/title/tt0253474/?pf_rd_m=A2FGELUUNOQJNL&pf_rd_p=e31d89dd-322d-4646-8962-327b42fe94b1&pf_rd_r=YNFJ1YWW18BW8Q97NX74&pf_rd_s=center-1&pf_rd_t=15506&pf_rd_i=top&ref_=chttp_tt_40
The Departed,2006,8.5,Martin Scorsese,"Leonardo DiCaprio, Matt Damon",https://www.imdb.com/title/tt0407887/?pf_rd_m=A2FGELUUNOQJNL&pf_rd_p=e31d89dd-322d-4646-8962-327b42fe94b1&pf_rd_r=YNFJ1YWW18BW8Q97NX74&pf_rd_s=center-1&pf_rd_t=15506&pf_rd_i=top&ref_=chttp_tt_41
Terminator 2: Judgment Day,1991,8.5,James Cameron,"Arnold Schwarzenegger, Linda Hamilton",https://www.imdb.com/title/tt0103064/?pf_rd_m=A2FGELUUNOQJNL&pf_rd_p=e31d89dd-322d-4646-8962-327b42fe94b1&pf_rd_r=YNFJ1YWW18BW8Q97NX74&pf_rd_s=center-1&pf_rd_t=15506&pf_rd_i=top&ref_=chttp_tt_42
Back to the Future,1985,8.5,Robert Zemeckis,"Michael J. Fox, Christopher Lloyd",https://www.imdb.com/title/tt0088763/?pf_rd_m=A2FGELUUNOQJNL&pf_rd_p=e31d89dd-322d-4646-8962-327b42fe94b1&pf_rd_r=YNFJ1YWW18BW8Q97NX74&pf_rd_s=center-1&pf_rd_t=15506&pf_rd_i=top&ref_=chttp_tt_43
Raiders of the Lost Ark,1981,8.5,Steven Spielberg,"Harrison Ford, Karen Allen",https://www.imdb.com/title/tt0082971/?pf_rd_m=A2FGELUUNOQJNL&pf_rd_p=e31d89dd-322d-4646-8962-327b42fe94b1&pf_rd_r=YNFJ1YWW18BW8Q97NX74&pf_rd_s=center-1&pf_rd_t=15506&pf_rd_i=top&ref_=chttp_tt_44
Rear Window,1954,8.5,Alfred Hitchcock,"James Stewart, Grace Kelly",https://www.imdb.com/title/tt0047396/?pf_rd_m=A2FGELUUNOQJNL&pf_rd_p=e31d89dd-322d-4646-8962-327b42fe94b1&pf_rd_r=YNFJ1YWW18BW8Q97NX74&pf_rd_s=center-1&pf_rd_t=15506&pf_rd_i=top&ref_=chttp_tt_45
Whiplash,2014,8.5,Damien Chazelle,"Miles Teller, J.K. Simmons",https://www.imdb.com/title/tt2582802/?pf_rd_m=A2FGELUUNOQJNL&pf_rd_p=e31d89dd-322d-4646-8962-327b42fe94b1&pf_rd_r=YNFJ1YWW18BW8Q97NX74&pf_rd_s=center-1&pf_rd_t=15506&pf_rd_i=top&ref_=chttp_tt_46
Gladiator,2000,8.5,Ridley Scott,"Russell Crowe, Joaquin Phoenix",https://www.imdb.com/title/tt0172495/?pf_rd_m=A2FGELUUNOQJNL&pf_rd_p=e31d89dd-322d-4646-8962-327b42fe94b1&pf_rd_r=YNFJ1YWW18BW8Q97NX74&pf_rd_s=center-1&pf_rd_t=15506&pf_rd_i=top&ref_=chttp_tt_47
The Lion King,1994,8.5,Roger Allers,"Matthew Broderick, Jeremy Irons",https://www.imdb.com/title/tt0110357/?pf_rd_m=A2FGELUUNOQJNL&pf_rd_p=e31d89dd-322d-4646-8962-327b42fe94b1&pf_rd_r=YNFJ1YWW18BW8Q97NX74&pf_rd_s=center-1&pf_rd_t=15506&pf_rd_i=top&ref_=chttp_tt_48
The Prestige,2006,8.5,Christopher Nolan,"Christian Bale, Hugh Jackman",https://www.imdb.com/title/tt0482571/?pf_rd_m=A2FGELUUNOQJNL&pf_rd_p=e31d89dd-322d-4646-8962-327b42fe94b1&pf_rd_r=YNFJ1YWW18BW8Q97NX74&pf_rd_s=center-1&pf_rd_t=15506&pf_rd_i=top&ref_=chttp_tt_49
Memento,2000,8.4,Christopher Nolan,"Guy Pearce, Carrie-Anne Moss",https://www.imdb.com/title/tt0209144/?pf_rd_m=A2FGELUUNOQJNL&pf_rd_p=e31d89dd-322d-4646-8962-327b42fe94b1&pf_rd_r=YNFJ1YWW18BW8Q97NX74&pf_rd_s=center-1&pf_rd_t=15506&pf_rd_i=top&ref_=chttp_tt_50
Apocalypse Now,1979,8.4,Francis Ford Coppola,"Martin Sheen, Marlon Brando",https://www.imdb.com/title/tt0078788/?pf_rd_m=A2FGELUUNOQJNL&pf_rd_p=e31d89dd-322d-4646-8962-327b42fe94b1&pf_rd_r=YNFJ1YWW18BW8Q97NX74&pf_rd_s=center-1&pf_rd_t=15506&pf_rd_i=top&ref_=chttp_tt_51
Alien,1979,8.4,Ridley Scott,"Sigourney Weaver, Tom Skerritt",https://www.imdb.com/title/tt0078748/?pf_rd_m=A2FGELUUNOQJNL&pf_rd_p=e31d89dd-322d-4646-8962-327b42fe94b1&pf_rd_r=YNFJ1YWW18BW8Q97NX74&pf_rd_s=center-1&pf_rd_t=15506&pf_rd_i=top&ref_=chttp_tt_52
The Great Dictator,1940,8.4,Charles Chaplin,"Charles Chaplin, Paulette Goddard",https://www.imdb.com/title/tt0032553/?pf_rd_m=A2FGELUUNOQJNL&pf_rd_p=e31d89dd-322d-4646-8962-327b42fe94b1&pf_rd_r=YNFJ1YWW18BW8Q97NX74&pf_rd_s=center-1&pf_rd_t=15506&pf_rd_i=top&ref_=chttp_tt_53
Nuovo Cinema Paradiso,1988,8.4,Giuseppe Tornatore,"Philippe Noiret, Enzo Cannavale",https://www.imdb.com/title/tt0095765/?pf_rd_m=A2FGELUUNOQJNL&pf_rd_p=e31d89dd-322d-4646-8962-327b42fe94b1&pf_rd_r=YNFJ1YWW18BW8Q97NX74&pf_rd_s=center-1&pf_rd_t=15506&pf_rd_i=top&ref_=chttp_tt_54
Sunset Blvd.,1950,8.4,Billy Wilder,"William Holden, Gloria Swanson",https://www.imdb.com/title/tt0043014/?pf_rd_m=A2FGELUUNOQJNL&pf_rd_p=e31d89dd-322d-4646-8962-327b42fe94b1&pf_rd_r=YNFJ1YWW18BW8Q97NX74&pf_rd_s=center-1&pf_rd_t=15506&pf_rd_i=top&ref_=chttp_tt_55
Hotaru no haka,1988,8.4,Isao Takahata,"Tsutomu Tatsumi, Ayano Shiraishi",https://www.imdb.com/title/tt0095327/?pf_rd_m=A2FGELUUNOQJNL&pf_rd_p=e31d89dd-322d-4646-8962-327b42fe94b1&pf_rd_r=YNFJ1YWW18BW8Q97NX74&pf_rd_s=center-1&pf_rd_t=15506&pf_rd_i=top&ref_=chttp_tt_56
Dr. Strangelove or: How I Learned to Stop Worrying and Love the Bomb,1964,8.4,Stanley Kubrick,"Peter Sellers, George C. Scott",https://www.imdb.com/title/tt0057012/?pf_rd_m=A2FGELUUNOQJNL&pf_rd_p=e31d89dd-322d-4646-8962-327b42fe94b1&pf_rd_r=YNFJ1YWW18BW8Q97NX74&pf_rd_s=center-1&pf_rd_t=15506&pf_rd_i=top&ref_=chttp_tt_57
The Lives of Others,2006,8.4,Florian Henckel von Donnersmarck,"Ulrich Mühe, Martina Gedeck",https://www.imdb.com/title/tt0405094/?pf_rd_m=A2FGELUUNOQJNL&pf_rd_p=e31d89dd-322d-4646-8962-327b42fe94b1&pf_rd_r=YNFJ1YWW18BW8Q97NX74&pf_rd_s=center-1&pf_rd_t=15506&pf_rd_i=top&ref_=chttp_tt_58
Paths of Glory,1957,8.4,Stanley Kubrick,"Kirk Douglas, Ralph Meeker",https://www.imdb.com/title/tt0050825/?pf_rd_m=A2FGELUUNOQJNL&pf_rd_p=e31d89dd-322d-4646-8962-327b42fe94b1&pf_rd_r=YNFJ1YWW18BW8Q97NX74&pf_rd_s=center-1&pf_rd_t=15506&pf_rd_i=top&ref_=chttp_tt_59
The Shining,1980,8.4,Stanley Kubrick,"Jack Nicholson, Shelley Duvall",https://www.imdb.com/title/tt0081505/?pf_rd_m=A2FGELUUNOQJNL&pf_rd_p=e31d89dd-322d-4646-8962-327b42fe94b1&pf_rd_r=YNFJ1YWW18BW8Q97NX74&pf_rd_s=center-1&pf_rd_t=15506&pf_rd_i=top&ref_=chttp_tt_60
Django Unchained,2012,8.4,Quentin Tarantino,"Jamie Foxx, Christoph Waltz",https://www.imdb.com/title/tt1853728/?pf_rd_m=A2FGELUUNOQJNL&pf_rd_p=e31d89dd-322d-4646-8962-327b42fe94b1&pf_rd_r=YNFJ1YWW18BW8Q97NX74&pf_rd_s=center-1&pf_rd_t=15506&pf_rd_i=top&ref_=chttp_tt_61
WALL·E,2008,8.4,Andrew Stanton,"Ben Burtt, Elissa Knight",https://www.imdb.com/title/tt0910970/?pf_rd_m=A2FGELUUNOQJNL&pf_rd_p=e31d89dd-322d-4646-8962-327b42fe94b1&pf_rd_r=YNFJ1YWW18BW8Q97NX74&pf_rd_s=center-1&pf_rd_t=15506&pf_rd_i=top&ref_=chttp_tt_62
Coco,2017,8.4,Lee Unkrich,"Anthony Gonzalez, Gael García Bernal",https://www.imdb.com/title/tt2380307/?pf_rd_m=A2FGELUUNOQJNL&pf_rd_p=e31d89dd-322d-4646-8962-327b42fe94b1&pf_rd_r=YNFJ1YWW18BW8Q97NX74&pf_rd_s=center-1&pf_rd_t=15506&pf_rd_i=top&ref_=chttp_tt_63
Mononoke-hime,1997,8.4,Hayao Miyazaki,"Yôji Matsuda, Yuriko Ishida",https://www.imdb.com/title/tt0119698/?pf_rd_m=A2FGELUUNOQJNL&pf_rd_p=e31d89dd-322d-4646-8962-327b42fe94b1&pf_rd_r=YNFJ1YWW18BW8Q97NX74&pf_rd_s=center-1&pf_rd_t=15506&pf_rd_i=top&ref_=chttp_tt_64
American Beauty,1999,8.4,Sam Mendes,"Kevin Spacey, Annette Bening",https://www.imdb.com/title/tt0169547/?pf_rd_m=A2FGELUUNOQJNL&pf_rd_p=e31d89dd-322d-4646-8962-327b42fe94b1&pf_rd_r=YNFJ1YWW18BW8Q97NX74&pf_rd_s=center-1&pf_rd_t=15506&pf_rd_i=top&ref_=chttp_tt_65
The Dark Knight Rises,2012,8.4,Christopher Nolan,"Christian Bale, Tom Hardy",https://www.imdb.com/title/tt1345836/?pf_rd_m=A2FGELUUNOQJNL&pf_rd_p=e31d89dd-322d-4646-8962-327b42fe94b1&pf_rd_r=YNFJ1YWW18BW8Q97NX74&pf_rd_s=center-1&pf_rd_t=15506&pf_rd_i=top&ref_=chttp_tt_66
Witness for the Prosecution,1957,8.4,Billy Wilder,"Tyrone Power, Marlene Dietrich",https://www.imdb.com/title/tt0051201/?pf_rd_m=A2FGELUUNOQJNL&pf_rd_p=e31d89dd-322d-4646-8962-327b42fe94b1&pf_rd_r=YNFJ1YWW18BW8Q97NX74&pf_rd_s=center-1&pf_rd_t=15506&pf_rd_i=top&ref_=chttp_tt_67
Oldeuboi,2003,8.4,Chan-wook Park,"Min-sik Choi, Ji-tae Yu",https://www.imdb.com/title/tt0364569/?pf_rd_m=A2FGELUUNOQJNL&pf_rd_p=e31d89dd-322d-4646-8962-327b42fe94b1&pf_rd_r=YNFJ1YWW18BW8Q97NX74&pf_rd_s=center-1&pf_rd_t=15506&pf_rd_i=top&ref_=chttp_tt_68
Aliens,1986,8.4,James Cameron,"Sigourney Weaver, Michael Biehn",https://www.imdb.com/title/tt0090605/?pf_rd_m=A2FGELUUNOQJNL&pf_rd_p=e31d89dd-322d-4646-8962-327b42fe94b1&pf_rd_r=YNFJ1YWW18BW8Q97NX74&pf_rd_s=center-1&pf_rd_t=15506&pf_rd_i=top&ref_=chttp_tt_69
Once Upon a Time in America,1984,8.3,Sergio Leone,"Robert De Niro, James Woods",https://www.imdb.com/title/tt0087843/?pf_rd_m=A2FGELUUNOQJNL&pf_rd_p=e31d89dd-322d-4646-8962-327b42fe94b1&pf_rd_r=YNFJ1YWW18BW8Q97NX74&pf_rd_s=center-1&pf_rd_t=15506&pf_rd_i=top&ref_=chttp_tt_70
Das Boot,1981,8.3,Wolfgang Petersen,"Jürgen Prochnow, Herbert Grönemeyer",https://www.imdb.com/title/tt0082096/?pf_rd_m=A2FGELUUNOQJNL&pf_rd_p=e31d89dd-322d-4646-8962-327b42fe94b1&pf_rd_r=YNFJ1YWW18BW8Q97NX74&pf_rd_s=center-1&pf_rd_t=15506&pf_rd_i=top&ref_=chttp_tt_71
Citizen Kane,1941,8.3,Orson Welles,"Orson Welles, Joseph Cotten",https://www.imdb.com/title/tt0033467/?pf_rd_m=A2FGELUUNOQJNL&pf_rd_p=e31d89dd-322d-4646-8962-327b42fe94b1&pf_rd_r=YNFJ1YWW18BW8Q97NX74&pf_rd_s=center-1&pf_rd_t=15506&pf_rd_i=top&ref_=chttp_tt_72
Vertigo,1958,8.3,Alfred Hitchcock,"James Stewart, Kim Novak",https://www.imdb.com/title/tt0052357/?pf_rd_m=A2FGELUUNOQJNL&pf_rd_p=e31d89dd-322d-4646-8962-327b42fe94b1&pf_rd_r=YNFJ1YWW18BW8Q97NX74&pf_rd_s=center-1&pf_rd_t=15506&pf_rd_i=top&ref_=chttp_tt_73
North by Northwest,1959,8.3,Alfred Hitchcock,"Cary Grant, Eva Marie Saint",https://www.imdb.com/title/tt0053125/?pf_rd_m=A2FGELUUNOQJNL&pf_rd_p=e31d89dd-322d-4646-8962-327b42fe94b1&pf_rd_r=YNFJ1YWW18BW8Q97NX74&pf_rd_s=center-1&pf_rd_t=15506&pf_rd_i=top&ref_=chttp_tt_74
Braveheart,1995,8.3,Mel Gibson,"Mel Gibson, Sophie Marceau",https://www.imdb.com/title/tt0112573/?pf_rd_m=A2FGELUUNOQJNL&pf_rd_p=e31d89dd-322d-4646-8962-327b42fe94b1&pf_rd_r=YNFJ1YWW18BW8Q97NX74&pf_rd_s=center-1&pf_rd_t=15506&pf_rd_i=top&ref_=chttp_tt_75
Reservoir Dogs,1992,8.3,Quentin Tarantino,"Harvey Keitel, Tim Roth",https://www.imdb.com/title/tt0105236/?pf_rd_m=A2FGELUUNOQJNL&pf_rd_p=e31d89dd-322d-4646-8962-327b42fe94b1&pf_rd_r=YNFJ1YWW18BW8Q97NX74&pf_rd_s=center-1&pf_rd_t=15506&pf_rd_i=top&ref_=chttp_tt_76
Star Wars: Episode VI - Return of the Jedi,1983,8.3,Richard Marquand,"Mark Hamill, Harrison Ford",https://www.imdb.com/title/tt0086190/?pf_rd_m=A2FGELUUNOQJNL&pf_rd_p=e31d89dd-322d-4646-8962-327b42fe94b1&pf_rd_r=YNFJ1YWW18BW8Q97NX74&pf_rd_s=center-1&pf_rd_t=15506&pf_rd_i=top&ref_=chttp_tt_77
Kimi no na wa.,2016,8.3,Makoto Shinkai,"Ryûnosuke Kamiki, Mone Kamishiraishi",https://www.imdb.com/title/tt5311514/?pf_rd_m=A2FGELUUNOQJNL&pf_rd_p=e31d89dd-322d-4646-8962-327b42fe94b1&pf_rd_r=YNFJ1YWW18BW8Q97NX74&pf_rd_s=center-1&pf_rd_t=15506&pf_rd_i=top&ref_=chttp_tt_78
M - Eine Stadt sucht einen Mörder,1931,8.3,Fritz Lang,"Peter Lorre, Ellen Widmann",https://www.imdb.com/title/tt0022100/?pf_rd_m=A2FGELUUNOQJNL&pf_rd_p=e31d89dd-322d-4646-8962-327b42fe94b1&pf_rd_r=YNFJ1YWW18BW8Q97NX74&pf_rd_s=center-1&pf_rd_t=15506&pf_rd_i=top&ref_=chttp_tt_79
Dangal,2016,8.3,Nitesh Tiwari,"Aamir Khan, Sakshi Tanwar",https://www.imdb.com/title/tt5074352/?pf_rd_m=A2FGELUUNOQJNL&pf_rd_p=e31d89dd-322d-4646-8962-327b42fe94b1&pf_rd_r=YNFJ1YWW18BW8Q97NX74&pf_rd_s=center-1&pf_rd_t=15506&pf_rd_i=top&ref_=chttp_tt_80
Requiem for a Dream,2000,8.3,Darren Aronofsky,"Ellen Burstyn, Jared Leto",https://www.imdb.com/title/tt0180093/?pf_rd_m=A2FGELUUNOQJNL&pf_rd_p=e31d89dd-322d-4646-8962-327b42fe94b1&pf_rd_r=YNFJ1YWW18BW8Q97NX74&pf_rd_s=center-1&pf_rd_t=15506&pf_rd_i=top&ref_=chttp_tt_81
Amadeus,1984,8.3,Milos Forman,"F. Murray Abraham, Tom Hulce",https://www.imdb.com/title/tt0086879/?pf_rd_m=A2FGELUUNOQJNL&pf_rd_p=e31d89dd-322d-4646-8962-327b42fe94b1&pf_rd_r=YNFJ1YWW18BW8Q97NX74&pf_rd_s=center-1&pf_rd_t=15506&pf_rd_i=top&ref_=chttp_tt_82
Taare Zameen Par,2007,8.3,Aamir Khan,"Darsheel Safary, Aamir Khan",https://www.imdb.com/title/tt0986264/?pf_rd_m=A2FGELUUNOQJNL&pf_rd_p=e31d89dd-322d-4646-8962-327b42fe94b1&pf_rd_r=YNFJ1YWW18BW8Q97NX74&pf_rd_s=center-1&pf_rd_t=15506&pf_rd_i=top&ref_=chttp_tt_83
Amélie,2001,8.3,Jean-Pierre Jeunet,"Audrey Tautou, Mathieu Kassovitz",https://www.imdb.com/title/tt0211915/?pf_rd_m=A2FGELUUNOQJNL&pf_rd_p=e31d89dd-322d-4646-8962-327b42fe94b1&pf_rd_r=YNFJ1YWW18BW8Q97NX74&pf_rd_s=center-1&pf_rd_t=15506&pf_rd_i=top&ref_=chttp_tt_84
A Clockwork Orange,1971,8.3,Stanley Kubrick,"Malcolm McDowell, Patrick Magee",https://www.imdb.com/title/tt0066921/?pf_rd_m=A2FGELUUNOQJNL&pf_rd_p=e31d89dd-322d-4646-8962-327b42fe94b1&pf_rd_r=YNFJ1YWW18BW8Q97NX74&pf_rd_s=center-1&pf_rd_t=15506&pf_rd_i=top&ref_=chttp_tt_85
Lawrence of Arabia,1962,8.3,David Lean,"Peter O'Toole, Alec Guinness",https://www.imdb.com/title/tt0056172/?pf_rd_m=A2FGELUUNOQJNL&pf_rd_p=e31d89dd-322d-4646-8962-327b42fe94b1&pf_rd_r=YNFJ1YWW18BW8Q97NX74&pf_rd_s=center-1&pf_rd_t=15506&pf_rd_i=top&ref_=chttp_tt_86
Eternal Sunshine of the Spotless Mind,2004,8.3,Michel Gondry,"Jim Carrey, Kate Winslet",https://www.imdb.com/title/tt0338013/?pf_rd_m=A2FGELUUNOQJNL&pf_rd_p=e31d89dd-322d-4646-8962-327b42fe94b1&pf_rd_r=YNFJ1YWW18BW8Q97NX74&pf_rd_s=center-1&pf_rd_t=15506&pf_rd_i=top&ref_=chttp_tt_87
Double Indemnity,1944,8.3,Billy Wilder,"Fred MacMurray, Barbara Stanwyck",https://www.imdb.com/title/tt0036775/?pf_rd_m=A2FGELUUNOQJNL&pf_rd_p=e31d89dd-322d-4646-8962-327b42fe94b1&pf_rd_r=YNFJ1YWW18BW8Q97NX74&pf_rd_s=center-1&pf_rd_t=15506&pf_rd_i=top&ref_=chttp_tt_88
Taxi Driver,1976,8.3,Martin Scorsese,"Robert De Niro, Jodie Foster",https://www.imdb.com/title/tt0075314/?pf_rd_m=A2FGELUUNOQJNL&pf_rd_p=e31d89dd-322d-4646-8962-327b42fe94b1&pf_rd_r=YNFJ1YWW18BW8Q97NX74&pf_rd_s=center-1&pf_rd_t=15506&pf_rd_i=top&ref_=chttp_tt_89
2001: A Space Odyssey,1968,8.3,Stanley Kubrick,"Keir Dullea, Gary Lockwood",https://www.imdb.com/title/tt0062622/?pf_rd_m=A2FGELUUNOQJNL&pf_rd_p=e31d89dd-322d-4646-8962-327b42fe94b1&pf_rd_r=YNFJ1YWW18BW8Q97NX74&pf_rd_s=center-1&pf_rd_t=15506&pf_rd_i=top&ref_=chttp_tt_90
3 Idiots,2009,8.3,Rajkumar Hirani,"Aamir Khan, Madhavan",https://www.imdb.com/title/tt1187043/?pf_rd_m=A2FGELUUNOQJNL&pf_rd_p=e31d89dd-322d-4646-8962-327b42fe94b1&pf_rd_r=YNFJ1YWW18BW8Q97NX74&pf_rd_s=center-1&pf_rd_t=15506&pf_rd_i=top&ref_=chttp_tt_91
Singin' in the Rain,1952,8.3,Stanley Donen,"Gene Kelly, Donald O'Connor",https://www.imdb.com/title/tt0045152/?pf_rd_m=A2FGELUUNOQJNL&pf_rd_p=e31d89dd-322d-4646-8962-327b42fe94b1&pf_rd_r=YNFJ1YWW18BW8Q97NX74&pf_rd_s=center-1&pf_rd_t=15506&pf_rd_i=top&ref_=chttp_tt_92
Toy Story,1995,8.3,John Lasseter,"Tom Hanks, Tim Allen",https://www.imdb.com/title/tt0114709/?pf_rd_m=A2FGELUUNOQJNL&pf_rd_p=e31d89dd-322d-4646-8962-327b42fe94b1&pf_rd_r=YNFJ1YWW18BW8Q97NX74&pf_rd_s=center-1&pf_rd_t=15506&pf_rd_i=top&ref_=chttp_tt_93
Full Metal Jacket,1987,8.3,Stanley Kubrick,"Matthew Modine, R. Lee Ermey",https://www.imdb.com/title/tt0093058/?pf_rd_m=A2FGELUUNOQJNL&pf_rd_p=e31d89dd-322d-4646-8962-327b42fe94b1&pf_rd_r=YNFJ1YWW18BW8Q97NX74&pf_rd_s=center-1&pf_rd_t=15506&pf_rd_i=top&ref_=chttp_tt_94
To Kill a Mockingbird,1962,8.3,Robert Mulligan,"Gregory Peck, John Megna",https://www.imdb.com/title/tt0056592/?pf_rd_m=A2FGELUUNOQJNL&pf_rd_p=e31d89dd-322d-4646-8962-327b42fe94b1&pf_rd_r=YNFJ1YWW18BW8Q97NX74&pf_rd_s=center-1&pf_rd_t=15506&pf_rd_i=top&ref_=chttp_tt_95
Inglourious Basterds,2009,8.3,Quentin Tarantino,"Brad Pitt, Diane Kruger",https://www.imdb.com/title/tt0361748/?pf_rd_m=A2FGELUUNOQJNL&pf_rd_p=e31d89dd-322d-4646-8962-327b42fe94b1&pf_rd_r=YNFJ1YWW18BW8Q97NX74&pf_rd_s=center-1&pf_rd_t=15506&pf_rd_i=top&ref_=chttp_tt_96
Ladri di biciclette,1948,8.3,Vittorio De Sica,"Lamberto Maggiorani, Enzo Staiola",https://www.imdb.com/title/tt0040522/?pf_rd_m=A2FGELUUNOQJNL&pf_rd_p=e31d89dd-322d-4646-8962-327b42fe94b1&pf_rd_r=YNFJ1YWW18BW8Q97NX74&pf_rd_s=center-1&pf_rd_t=15506&pf_rd_i=top&ref_=chttp_tt_97
The Sting,1973,8.3,George Roy Hill,"Paul Newman, Robert Redford",https://www.imdb.com/title/tt0070735/?pf_rd_m=A2FGELUUNOQJNL&pf_rd_p=e31d89dd-322d-4646-8962-327b42fe94b1&pf_rd_r=YNFJ1YWW18BW8Q97NX74&pf_rd_s=center-1&pf_rd_t=15506&pf_rd_i=top&ref_=chttp_tt_98
The Kid,1921,8.3,Charles Chaplin,"Charles Chaplin, Edna Purviance",https://www.imdb.com/title/tt0012349/?pf_rd_m=A2FGELUUNOQJNL&pf_rd_p=e31d89dd-322d-4646-8962-327b42fe94b1&pf_rd_r=YNFJ1YWW18BW8Q97NX74&pf_rd_s=center-1&pf_rd_t=15506&pf_rd_i=top&ref_=chttp_tt_99
Toy Story 3,2010,8.3,Lee Unkrich,"Tom Hanks, Tim Allen",https://www.imdb.com/title/tt0435761/?pf_rd_m=A2FGELUUNOQJNL&pf_rd_p=e31d89dd-322d-4646-8962-327b42fe94b1&pf_rd_r=YNFJ1YWW18BW8Q97NX74&pf_rd_s=center-1&pf_rd_t=15506&pf_rd_i=top&ref_=chttp_tt_100
Snatch,2000,8.3,Guy Ritchie,"Jason Statham, Brad Pitt",https://www.imdb.com/title/tt0208092/?pf_rd_m=A2FGELUUNOQJNL&pf_rd_p=e31d89dd-322d-4646-8962-327b42fe94b1&pf_rd_r=YNFJ1YWW18BW8Q97NX74&pf_rd_s=center-1&pf_rd_t=15506&pf_rd_i=top&ref_=chttp_tt_101
Good Will Hunting,1997,8.3,Gus Van Sant,"Robin Williams, Matt Damon",https://www.imdb.com/title/tt0119217/?pf_rd_m=A2FGELUUNOQJNL&pf_rd_p=e31d89dd-322d-4646-8962-327b42fe94b1&pf_rd_r=YNFJ1YWW18BW8Q97NX74&pf_rd_s=center-1&pf_rd_t=15506&pf_rd_i=top&ref_=chttp_tt_102
Jagten,2012,8.3,Thomas Vinterberg,"Mads Mikkelsen, Thomas Bo Larsen",https://www.imdb.com/title/tt2106476/?pf_rd_m=A2FGELUUNOQJNL&pf_rd_p=e31d89dd-322d-4646-8962-327b42fe94b1&pf_rd_r=YNFJ1YWW18BW8Q97NX74&pf_rd_s=center-1&pf_rd_t=15506&pf_rd_i=top&ref_=chttp_tt_103
Monty Python and the Holy Grail,1975,8.3,Terry Gilliam,"Graham Chapman, John Cleese",https://www.imdb.com/title/tt0071853/?pf_rd_m=A2FGELUUNOQJNL&pf_rd_p=e31d89dd-322d-4646-8962-327b42fe94b1&pf_rd_r=YNFJ1YWW18BW8Q97NX74&pf_rd_s=center-1&pf_rd_t=15506&pf_rd_i=top&ref_=chttp_tt_104
Per qualche dollaro in più,1965,8.2,Sergio Leone,"Clint Eastwood, Lee Van Cleef",https://www.imdb.com/title/tt0059578/?pf_rd_m=A2FGELUUNOQJNL&pf_rd_p=e31d89dd-322d-4646-8962-327b42fe94b1&pf_rd_r=YNFJ1YWW18BW8Q97NX74&pf_rd_s=center-1&pf_rd_t=15506&pf_rd_i=top&ref_=chttp_tt_105
Scarface,1983,8.2,Brian De Palma,"Al Pacino, Michelle Pfeiffer",https://www.imdb.com/title/tt0086250/?pf_rd_m=A2FGELUUNOQJNL&pf_rd_p=e31d89dd-322d-4646-8962-327b42fe94b1&pf_rd_r=YNFJ1YWW18BW8Q97NX74&pf_rd_s=center-1&pf_rd_t=15506&pf_rd_i=top&ref_=chttp_tt_106
L.A. Confidential,1997,8.2,Curtis Hanson,"Kevin Spacey, Russell Crowe",https://www.imdb.com/title/tt0119488/?pf_rd_m=A2FGELUUNOQJNL&pf_rd_p=e31d89dd-322d-4646-8962-327b42fe94b1&pf_rd_r=YNFJ1YWW18BW8Q97NX74&pf_rd_s=center-1&pf_rd_t=15506&pf_rd_i=top&ref_=chttp_tt_107
The Apartment,1960,8.2,Billy Wilder,"Jack Lemmon, Shirley MacLaine",https://www.imdb.com/title/tt0053604/?pf_rd_m=A2FGELUUNOQJNL&pf_rd_p=e31d89dd-322d-4646-8962-327b42fe94b1&pf_rd_r=YNFJ1YWW18BW8Q97NX74&pf_rd_s=center-1&pf_rd_t=15506&pf_rd_i=top&ref_=chttp_tt_108
Metropolis,1927,8.2,Fritz Lang,"Brigitte Helm, Alfred Abel",https://www.imdb.com/title/tt0017136/?pf_rd_m=A2FGELUUNOQJNL&pf_rd_p=e31d89dd-322d-4646-8962-327b42fe94b1&pf_rd_r=YNFJ1YWW18BW8Q97NX74&pf_rd_s=center-1&pf_rd_t=15506&pf_rd_i=top&ref_=chttp_tt_109
Jodaeiye Nader az Simin,2011,8.2,Asghar Farhadi,"Payman Maadi, Leila Hatami",https://www.imdb.com/title/tt1832382/?pf_rd_m=A2FGELUUNOQJNL&pf_rd_p=e31d89dd-322d-4646-8962-327b42fe94b1&pf_rd_r=YNFJ1YWW18BW8Q97NX74&pf_rd_s=center-1&pf_rd_t=15506&pf_rd_i=top&ref_=chttp_tt_110
Rashômon,1950,8.2,Akira Kurosawa,"Toshirô Mifune, Machiko Kyô",https://www.imdb.com/title/tt0042876/?pf_rd_m=A2FGELUUNOQJNL&pf_rd_p=e31d89dd-322d-4646-8962-327b42fe94b1&pf_rd_r=YNFJ1YWW18BW8Q97NX74&pf_rd_s=center-1&pf_rd_t=15506&pf_rd_i=top&ref_=chttp_tt_111
Indiana Jones and the Last Crusade,1989,8.2,Steven Spielberg,"Harrison Ford, Sean Connery",https://www.imdb.com/title/tt0097576/?pf_rd_m=A2FGELUUNOQJNL&pf_rd_p=e31d89dd-322d-4646-8962-327b42fe94b1&pf_rd_r=YNFJ1YWW18BW8Q97NX74&pf_rd_s=center-1&pf_rd_t=15506&pf_rd_i=top&ref_=chttp_tt_112
Up,2009,8.2,Pete Docter,"Edward Asner, Jordan Nagai",https://www.imdb.com/title/tt1049413/?pf_rd_m=A2FGELUUNOQJNL&pf_rd_p=e31d89dd-322d-4646-8962-327b42fe94b1&pf_rd_r=YNFJ1YWW18BW8Q97NX74&pf_rd_s=center-1&pf_rd_t=15506&pf_rd_i=top&ref_=chttp_tt_113
Yôjinbô,1961,8.2,Akira Kurosawa,"Toshirô Mifune, Eijirô Tôno",https://www.imdb.com/title/tt0055630/?pf_rd_m=A2FGELUUNOQJNL&pf_rd_p=e31d89dd-322d-4646-8962-327b42fe94b1&pf_rd_r=YNFJ1YWW18BW8Q97NX74&pf_rd_s=center-1&pf_rd_t=15506&pf_rd_i=top&ref_=chttp_tt_114
All About Eve,1950,8.2,Joseph L. Mankiewicz,"Bette Davis, Anne Baxter",https://www.imdb.com/title/tt0042192/?pf_rd_m=A2FGELUUNOQJNL&pf_rd_p=e31d89dd-322d-4646-8962-327b42fe94b1&pf_rd_r=YNFJ1YWW18BW8Q97NX74&pf_rd_s=center-1&pf_rd_t=15506&pf_rd_i=top&ref_=chttp_tt_115
Batman Begins,2005,8.2,Christopher Nolan,"Christian Bale, Michael Caine",https://www.imdb.com/title/tt0372784/?pf_rd_m=A2FGELUUNOQJNL&pf_rd_p=e31d89dd-322d-4646-8962-327b42fe94b1&pf_rd_r=YNFJ1YWW18BW8Q97NX74&pf_rd_s=center-1&pf_rd_t=15506&pf_rd_i=top&ref_=chttp_tt_116
Some Like It Hot,1959,8.2,Billy Wilder,"Marilyn Monroe, Tony Curtis",https://www.imdb.com/title/tt0053291/?pf_rd_m=A2FGELUUNOQJNL&pf_rd_p=e31d89dd-322d-4646-8962-327b42fe94b1&pf_rd_r=YNFJ1YWW18BW8Q97NX74&pf_rd_s=center-1&pf_rd_t=15506&pf_rd_i=top&ref_=chttp_tt_117
Unforgiven,1992,8.2,Clint Eastwood,"Clint Eastwood, Gene Hackman",https://www.imdb.com/title/tt0105695/?pf_rd_m=A2FGELUUNOQJNL&pf_rd_p=e31d89dd-322d-4646-8962-327b42fe94b1&pf_rd_r=YNFJ1YWW18BW8Q97NX74&pf_rd_s=center-1&pf_rd_t=15506&pf_rd_i=top&ref_=chttp_tt_118
The Treasure of the Sierra Madre,1948,8.2,John Huston,"Humphrey Bogart, Walter Huston",https://www.imdb.com/title/tt0040897/?pf_rd_m=A2FGELUUNOQJNL&pf_rd_p=e31d89dd-322d-4646-8962-327b42fe94b1&pf_rd_r=YNFJ1YWW18BW8Q97NX74&pf_rd_s=center-1&pf_rd_t=15506&pf_rd_i=top&ref_=chttp_tt_119
Der Untergang,2004,8.2,Oliver Hirschbiegel,"Bruno Ganz, Alexandra Maria Lara",https://www.imdb.com/title/tt0363163/?pf_rd_m=A2FGELUUNOQJNL&pf_rd_p=e31d89dd-322d-4646-8962-327b42fe94b1&pf_rd_r=YNFJ1YWW18BW8Q97NX74&pf_rd_s=center-1&pf_rd_t=15506&pf_rd_i=top&ref_=chttp_tt_120
Die Hard,1988,8.2,John McTiernan,"Bruce Willis, Alan Rickman",https://www.imdb.com/title/tt0095016/?pf_rd_m=A2FGELUUNOQJNL&pf_rd_p=e31d89dd-322d-4646-8962-327b42fe94b1&pf_rd_r=YNFJ1YWW18BW8Q97NX74&pf_rd_s=center-1&pf_rd_t=15506&pf_rd_i=top&ref_=chttp_tt_121
Heat,1995,8.2,Michael Mann,"Al Pacino, Robert De Niro",https://www.imdb.com/title/tt0113277/?pf_rd_m=A2FGELUUNOQJNL&pf_rd_p=e31d89dd-322d-4646-8962-327b42fe94b1&pf_rd_r=YNFJ1YWW18BW8Q97NX74&pf_rd_s=center-1&pf_rd_t=15506&pf_rd_i=top&ref_=chttp_tt_122
Babam ve Oglum,2005,8.2,Çagan Irmak,"Çetin Tekindor, Fikret Kuskan",https://www.imdb.com/title/tt0476735/?pf_rd_m=A2FGELUUNOQJNL&pf_rd_p=e31d89dd-322d-4646-8962-327b42fe94b1&pf_rd_r=YNFJ1YWW18BW8Q97NX74&pf_rd_s=center-1&pf_rd_t=15506&pf_rd_i=top&ref_=chttp_tt_123
Raging Bull,1980,8.2,Martin Scorsese,"Robert De Niro, Cathy Moriarty",https://www.imdb.com/title/tt0081398/?pf_rd_m=A2FGELUUNOQJNL&pf_rd_p=e31d89dd-322d-4646-8962-327b42fe94b1&pf_rd_r=YNFJ1YWW18BW8Q97NX74&pf_rd_s=center-1&pf_rd_t=15506&pf_rd_i=top&ref_=chttp_tt_124
Ikiru,1952,8.2,Akira Kurosawa,"Takashi Shimura, Nobuo Kaneko",https://www.imdb.com/title/tt0044741/?pf_rd_m=A2FGELUUNOQJNL&pf_rd_p=e31d89dd-322d-4646-8962-327b42fe94b1&pf_rd_r=YNFJ1YWW18BW8Q97NX74&pf_rd_s=center-1&pf_rd_t=15506&pf_rd_i=top&ref_=chttp_tt_125
The Great Escape,1963,8.2,John Sturges,"Steve McQueen, James Garner",https://www.imdb.com/title/tt0057115/?pf_rd_m=A2FGELUUNOQJNL&pf_rd_p=e31d89dd-322d-4646-8962-327b42fe94b1&pf_rd_r=YNFJ1YWW18BW8Q97NX74&pf_rd_s=center-1&pf_rd_t=15506&pf_rd_i=top&ref_=chttp_tt_126
The Third Man,1949,8.2,Carol Reed,"Orson Welles, Joseph Cotten",https://www.imdb.com/title/tt0041959/?pf_rd_m=A2FGELUUNOQJNL&pf_rd_p=e31d89dd-322d-4646-8962-327b42fe94b1&pf_rd_r=YNFJ1YWW18BW8Q97NX74&pf_rd_s=center-1&pf_rd_t=15506&pf_rd_i=top&ref_=chttp_tt_127
Incendies,2010,8.2,Denis Villeneuve,"Lubna Azabal, Mélissa Désormeaux-Poulin",https://www.imdb.com/title/tt1255953/?pf_rd_m=A2FGELUUNOQJNL&pf_rd_p=e31d89dd-322d-4646-8962-327b42fe94b1&pf_rd_r=YNFJ1YWW18BW8Q97NX74&pf_rd_s=center-1&pf_rd_t=15506&pf_rd_i=top&ref_=chttp_tt_128
Bacheha-Ye aseman,1997,8.2,Majid Majidi,"Mohammad Amir Naji, Amir Farrokh Hashemian",https://www.imdb.com/title/tt0118849/?pf_rd_m=A2FGELUUNOQJNL&pf_rd_p=e31d89dd-322d-4646-8962-327b42fe94b1&pf_rd_r=YNFJ1YWW18BW8Q97NX74&pf_rd_s=center-1&pf_rd_t=15506&pf_rd_i=top&ref_=chttp_tt_129
Pan's Labyrinth,2006,8.2,Guillermo del Toro,"Ivana Baquero, Ariadna Gil",https://www.imdb.com/title/tt0457430/?pf_rd_m=A2FGELUUNOQJNL&pf_rd_p=e31d89dd-322d-4646-8962-327b42fe94b1&pf_rd_r=YNFJ1YWW18BW8Q97NX74&pf_rd_s=center-1&pf_rd_t=15506&pf_rd_i=top&ref_=chttp_tt_130
Chinatown,1974,8.2,Roman Polanski,"Jack Nicholson, Faye Dunaway",https://www.imdb.com/title/tt0071315/?pf_rd_m=A2FGELUUNOQJNL&pf_rd_p=e31d89dd-322d-4646-8962-327b42fe94b1&pf_rd_r=YNFJ1YWW18BW8Q97NX74&pf_rd_s=center-1&pf_rd_t=15506&pf_rd_i=top&ref_=chttp_tt_131
Tonari no Totoro,1988,8.2,Hayao Miyazaki,"Hitoshi Takagi, Noriko Hidaka",https://www.imdb.com/title/tt0096283/?pf_rd_m=A2FGELUUNOQJNL&pf_rd_p=e31d89dd-322d-4646-8962-327b42fe94b1&pf_rd_r=YNFJ1YWW18BW8Q97NX74&pf_rd_s=center-1&pf_rd_t=15506&pf_rd_i=top&ref_=chttp_tt_132
"Three Billboards Outside Ebbing, Missouri",2017,8.2,Martin McDonagh,"Frances McDormand, Woody Harrelson",https://www.imdb.com/title/tt5027774/?pf_rd_m=A2FGELUUNOQJNL&pf_rd_p=e31d89dd-322d-4646-8962-327b42fe94b1&pf_rd_r=YNFJ1YWW18BW8Q97NX74&pf_rd_s=center-1&pf_rd_t=15506&pf_rd_i=top&ref_=chttp_tt_133
Judgment at Nuremberg,1961,8.2,Stanley Kramer,"Spencer Tracy, Burt Lancaster",https://www.imdb.com/title/tt0055031/?pf_rd_m=A2FGELUUNOQJNL&pf_rd_p=e31d89dd-322d-4646-8962-327b42fe94b1&pf_rd_r=YNFJ1YWW18BW8Q97NX74&pf_rd_s=center-1&pf_rd_t=15506&pf_rd_i=top&ref_=chttp_tt_134
Ran,1985,8.2,Akira Kurosawa,"Tatsuya Nakadai, Akira Terao",https://www.imdb.com/title/tt0089881/?pf_rd_m=A2FGELUUNOQJNL&pf_rd_p=e31d89dd-322d-4646-8962-327b42fe94b1&pf_rd_r=YNFJ1YWW18BW8Q97NX74&pf_rd_s=center-1&pf_rd_t=15506&pf_rd_i=top&ref_=chttp_tt_135
El secreto de sus ojos,2009,8.2,Juan José Campanella,"Ricardo Darín, Soledad Villamil",https://www.imdb.com/title/tt1305806/?pf_rd_m=A2FGELUUNOQJNL&pf_rd_p=e31d89dd-322d-4646-8962-327b42fe94b1&pf_rd_r=YNFJ1YWW18BW8Q97NX74&pf_rd_s=center-1&pf_rd_t=15506&pf_rd_i=top&ref_=chttp_tt_136
Hauru no ugoku shiro,2004,8.2,Hayao Miyazaki,"Chieko Baishô, Takuya Kimura",https://www.imdb.com/title/tt0347149/?pf_rd_m=A2FGELUUNOQJNL&pf_rd_p=e31d89dd-322d-4646-8962-327b42fe94b1&pf_rd_r=YNFJ1YWW18BW8Q97NX74&pf_rd_s=center-1&pf_rd_t=15506&pf_rd_i=top&ref_=chttp_tt_137
The Gold Rush,1925,8.2,Charles Chaplin,"Charles Chaplin, Mack Swain",https://www.imdb.com/title/tt0015864/?pf_rd_m=A2FGELUUNOQJNL&pf_rd_p=e31d89dd-322d-4646-8962-327b42fe94b1&pf_rd_r=YNFJ1YWW18BW8Q97NX74&pf_rd_s=center-1&pf_rd_t=15506&pf_rd_i=top&ref_=chttp_tt_138
The Bridge on the River Kwai,1957,8.2,David Lean,"William Holden, Alec Guinness",https://www.imdb.com/title/tt0050212/?pf_rd_m=A2FGELUUNOQJNL&pf_rd_p=e31d89dd-322d-4646-8962-327b42fe94b1&pf_rd_r=YNFJ1YWW18BW8Q97NX74&pf_rd_s=center-1&pf_rd_t=15506&pf_rd_i=top&ref_=chttp_tt_139
On the Waterfront,1954,8.2,Elia Kazan,"Marlon Brando, Karl Malden",https://www.imdb.com/title/tt0047296/?pf_rd_m=A2FGELUUNOQJNL&pf_rd_p=e31d89dd-322d-4646-8962-327b42fe94b1&pf_rd_r=YNFJ1YWW18BW8Q97NX74&pf_rd_s=center-1&pf_rd_t=15506&pf_rd_i=top&ref_=chttp_tt_140
"Lock, Stock and Two Smoking Barrels",1998,8.2,Guy Ritchie,"Jason Flemyng, Dexter Fletcher",https://www.imdb.com/title/tt0120735/?pf_rd_m=A2FGELUUNOQJNL&pf_rd_p=e31d89dd-322d-4646-8962-327b42fe94b1&pf_rd_r=YNFJ1YWW18BW8Q97NX74&pf_rd_s=center-1&pf_rd_t=15506&pf_rd_i=top&ref_=chttp_tt_141
A Beautiful Mind,2001,8.2,Ron Howard,"Russell Crowe, Ed Harris",https://www.imdb.com/title/tt0268978/?pf_rd_m=A2FGELUUNOQJNL&pf_rd_p=e31d89dd-322d-4646-8962-327b42fe94b1&pf_rd_r=YNFJ1YWW18BW8Q97NX74&pf_rd_s=center-1&pf_rd_t=15506&pf_rd_i=top&ref_=chttp_tt_142
Det sjunde inseglet,1957,8.2,Ingmar Bergman,"Max von Sydow, Gunnar Björnstrand",https://www.imdb.com/title/tt0050976/?pf_rd_m=A2FGELUUNOQJNL&pf_rd_p=e31d89dd-322d-4646-8962-327b42fe94b1&pf_rd_r=YNFJ1YWW18BW8Q97NX74&pf_rd_s=center-1&pf_rd_t=15506&pf_rd_i=top&ref_=chttp_tt_143
Inside Out,2015,8.2,Pete Docter,"Amy Poehler, Bill Hader",https://www.imdb.com/title/tt2096673/?pf_rd_m=A2FGELUUNOQJNL&pf_rd_p=e31d89dd-322d-4646-8962-327b42fe94b1&pf_rd_r=YNFJ1YWW18BW8Q97NX74&pf_rd_s=center-1&pf_rd_t=15506&pf_rd_i=top&ref_=chttp_tt_144
Casino,1995,8.2,Martin Scorsese,"Robert De Niro, Sharon Stone",https://www.imdb.com/title/tt0112641/?pf_rd_m=A2FGELUUNOQJNL&pf_rd_p=e31d89dd-322d-4646-8962-327b42fe94b1&pf_rd_r=YNFJ1YWW18BW8Q97NX74&pf_rd_s=center-1&pf_rd_t=15506&pf_rd_i=top&ref_=chttp_tt_145
Room,2015,8.2,Lenny Abrahamson,"Brie Larson, Jacob Tremblay",https://www.imdb.com/title/tt3170832/?pf_rd_m=A2FGELUUNOQJNL&pf_rd_p=e31d89dd-322d-4646-8962-327b42fe94b1&pf_rd_r=YNFJ1YWW18BW8Q97NX74&pf_rd_s=center-1&pf_rd_t=15506&pf_rd_i=top&ref_=chttp_tt_146
Mr. Smith Goes to Washington,1939,8.1,Frank Capra,"James Stewart, Jean Arthur",https://www.imdb.com/title/tt0031679/?pf_rd_m=A2FGELUUNOQJNL&pf_rd_p=e31d89dd-322d-4646-8962-327b42fe94b1&pf_rd_r=YNFJ1YWW18BW8Q97NX74&pf_rd_s=center-1&pf_rd_t=15506&pf_rd_i=top&ref_=chttp_tt_147
The Elephant Man,1980,8.1,David Lynch,"Anthony Hopkins, John Hurt",https://www.imdb.com/title/tt0080678/?pf_rd_m=A2FGELUUNOQJNL&pf_rd_p=e31d89dd-322d-4646-8962-327b42fe94b1&pf_rd_r=YNFJ1YWW18BW8Q97NX74&pf_rd_s=center-1&pf_rd_t=15506&pf_rd_i=top&ref_=chttp_tt_148
The Wolf of Wall Street,2013,8.1,Martin Scorsese,"Leonardo DiCaprio, Jonah Hill",https://www.imdb.com/title/tt0993846/?pf_rd_m=A2FGELUUNOQJNL&pf_rd_p=e31d89dd-322d-4646-8962-327b42fe94b1&pf_rd_r=YNFJ1YWW18BW8Q97NX74&pf_rd_s=center-1&pf_rd_t=15506&pf_rd_i=top&ref_=chttp_tt_149
V for Vendetta,2005,8.1,James McTeigue,"Hugo Weaving, Natalie Portman",https://www.imdb.com/title/tt0434409/?pf_rd_m=A2FGELUUNOQJNL&pf_rd_p=e31d89dd-322d-4646-8962-327b42fe94b1&pf_rd_r=YNFJ1YWW18BW8Q97NX74&pf_rd_s=center-1&pf_rd_t=15506&pf_rd_i=top&ref_=chttp_tt_150
Blade Runner,1982,8.1,Ridley Scott,"Harrison Ford, Rutger Hauer",https://www.imdb.com/title/tt0083658/?pf_rd_m=A2FGELUUNOQJNL&pf_rd_p=e31d89dd-322d-4646-8962-327b42fe94b1&pf_rd_r=YNFJ1YWW18BW8Q97NX74&pf_rd_s=center-1&pf_rd_t=15506&pf_rd_i=top&ref_=chttp_tt_151
Warrior,2011,8.1,Gavin O'Connor,"Tom Hardy, Nick Nolte",https://www.imdb.com/title/tt1291584/?pf_rd_m=A2FGELUUNOQJNL&pf_rd_p=e31d89dd-322d-4646-8962-327b42fe94b1&pf_rd_r=YNFJ1YWW18BW8Q97NX74&pf_rd_s=center-1&pf_rd_t=15506&pf_rd_i=top&ref_=chttp_tt_152
Smultronstället,1957,8.1,Ingmar Bergman,"Victor Sjöström, Bibi Andersson",https://www.imdb.com/title/tt0050986/?pf_rd_m=A2FGELUUNOQJNL&pf_rd_p=e31d89dd-322d-4646-8962-327b42fe94b1&pf_rd_r=YNFJ1YWW18BW8Q97NX74&pf_rd_s=center-1&pf_rd_t=15506&pf_rd_i=top&ref_=chttp_tt_153
The General,1926,8.1,Clyde Bruckman,"Buster Keaton, Marion Mack",https://www.imdb.com/title/tt0017925/?pf_rd_m=A2FGELUUNOQJNL&pf_rd_p=e31d89dd-322d-4646-8962-327b42fe94b1&pf_rd_r=YNFJ1YWW18BW8Q97NX74&pf_rd_s=center-1&pf_rd_t=15506&pf_rd_i=top&ref_=chttp_tt_154
Dial M for Murder,1954,8.1,Alfred Hitchcock,"Ray Milland, Grace Kelly",https://www.imdb.com/title/tt0046912/?pf_rd_m=A2FGELUUNOQJNL&pf_rd_p=e31d89dd-322d-4646-8962-327b42fe94b1&pf_rd_r=YNFJ1YWW18BW8Q97NX74&pf_rd_s=center-1&pf_rd_t=15506&pf_rd_i=top&ref_=chttp_tt_155
Trainspotting,1996,8.1,Danny Boyle,"Ewan McGregor, Ewen Bremner",https://www.imdb.com/title/tt0117951/?pf_rd_m=A2FGELUUNOQJNL&pf_rd_p=e31d89dd-322d-4646-8962-327b42fe94b1&pf_rd_r=YNFJ1YWW18BW8Q97NX74&pf_rd_s=center-1&pf_rd_t=15506&pf_rd_i=top&ref_=chttp_tt_156
Sherlock Jr.,1924,8.1,Buster Keaton,"Buster Keaton, Kathryn McGuire",https://www.imdb.com/title/tt0015324/?pf_rd_m=A2FGELUUNOQJNL&pf_rd_p=e31d89dd-322d-4646-8962-327b42fe94b1&pf_rd_r=YNFJ1YWW18BW8Q97NX74&pf_rd_s=center-1&pf_rd_t=15506&pf_rd_i=top&ref_=chttp_tt_157
Gone with the Wind,1939,8.1,Victor Fleming,"Clark Gable, Vivien Leigh",https://www.imdb.com/title/tt0031381/?pf_rd_m=A2FGELUUNOQJNL&pf_rd_p=e31d89dd-322d-4646-8962-327b42fe94b1&pf_rd_r=YNFJ1YWW18BW8Q97NX74&pf_rd_s=center-1&pf_rd_t=15506&pf_rd_i=top&ref_=chttp_tt_158
No Country for Old Men,2007,8.1,Ethan Coen,"Tommy Lee Jones, Javier Bardem",https://www.imdb.com/title/tt0477348/?pf_rd_m=A2FGELUUNOQJNL&pf_rd_p=e31d89dd-322d-4646-8962-327b42fe94b1&pf_rd_r=YNFJ1YWW18BW8Q97NX74&pf_rd_s=center-1&pf_rd_t=15506&pf_rd_i=top&ref_=chttp_tt_159
The Sixth Sense,1999,8.1,M. Night Shyamalan,"Bruce Willis, Haley Joel Osment",https://www.imdb.com/title/tt0167404/?pf_rd_m=A2FGELUUNOQJNL&pf_rd_p=e31d89dd-322d-4646-8962-327b42fe94b1&pf_rd_r=YNFJ1YWW18BW8Q97NX74&pf_rd_s=center-1&pf_rd_t=15506&pf_rd_i=top&ref_=chttp_tt_160
Gran Torino,2008,8.1,Clint Eastwood,"Clint Eastwood, Bee Vang",https://www.imdb.com/title/tt1205489/?pf_rd_m=A2FGELUUNOQJNL&pf_rd_p=e31d89dd-322d-4646-8962-327b42fe94b1&pf_rd_r=YNFJ1YWW18BW8Q97NX74&pf_rd_s=center-1&pf_rd_t=15506&pf_rd_i=top&ref_=chttp_tt_161
There Will Be Blood,2007,8.1,Paul Thomas Anderson,"Daniel Day-Lewis, Paul Dano",https://www.imdb.com/title/tt0469494/?pf_rd_m=A2FGELUUNOQJNL&pf_rd_p=e31d89dd-322d-4646-8962-327b42fe94b1&pf_rd_r=YNFJ1YWW18BW8Q97NX74&pf_rd_s=center-1&pf_rd_t=15506&pf_rd_i=top&ref_=chttp_tt_162
Fargo,1996,8.1,Joel Coen,"William H. Macy, Frances McDormand",https://www.imdb.com/title/tt0116282/?pf_rd_m=A2FGELUUNOQJNL&pf_rd_p=e31d89dd-322d-4646-8962-327b42fe94b1&pf_rd_r=YNFJ1YWW18BW8Q97NX74&pf_rd_s=center-1&pf_rd_t=15506&pf_rd_i=top&ref_=chttp_tt_163
The Deer Hunter,1978,8.1,Michael Cimino,"Robert De Niro, Christopher Walken",https://www.imdb.com/title/tt0077416/?pf_rd_m=A2FGELUUNOQJNL&pf_rd_p=e31d89dd-322d-4646-8962-327b42fe94b1&pf_rd_r=YNFJ1YWW18BW8Q97NX74&pf_rd_s=center-1&pf_rd_t=15506&pf_rd_i=top&ref_=chttp_tt_164
The Thing,1982,8.1,John Carpenter,"Kurt Russell, Wilford Brimley",https://www.imdb.com/title/tt0084787/?pf_rd_m=A2FGELUUNOQJNL&pf_rd_p=e31d89dd-322d-4646-8962-327b42fe94b1&pf_rd_r=YNFJ1YWW18BW8Q97NX74&pf_rd_s=center-1&pf_rd_t=15506&pf_rd_i=top&ref_=chttp_tt_165
Finding Nemo,2003,8.1,Andrew Stanton,"Albert Brooks, Ellen DeGeneres",https://www.imdb.com/title/tt0266543/?pf_rd_m=A2FGELUUNOQJNL&pf_rd_p=e31d89dd-322d-4646-8962-327b42fe94b1&pf_rd_r=YNFJ1YWW18BW8Q97NX74&pf_rd_s=center-1&pf_rd_t=15506&pf_rd_i=top&ref_=chttp_tt_166
The Big Lebowski,1998,8.1,Joel Coen,"Jeff Bridges, John Goodman",https://www.imdb.com/title/tt0118715/?pf_rd_m=A2FGELUUNOQJNL&pf_rd_p=e31d89dd-322d-4646-8962-327b42fe94b1&pf_rd_r=YNFJ1YWW18BW8Q97NX74&pf_rd_s=center-1&pf_rd_t=15506&pf_rd_i=top&ref_=chttp_tt_167
Idi i smotri,1985,8.1,Elem Klimov,"Aleksey Kravchenko, Olga Mironova",https://www.imdb.com/title/tt0091251/?pf_rd_m=A2FGELUUNOQJNL&pf_rd_p=e31d89dd-322d-4646-8962-327b42fe94b1&pf_rd_r=YNFJ1YWW18BW8Q97NX74&pf_rd_s=center-1&pf_rd_t=15506&pf_rd_i=top&ref_=chttp_tt_168
Kill Bill: Vol. 1,2003,8.1,Quentin Tarantino,"Uma Thurman, David Carradine",https://www.imdb.com/title/tt0266697/?pf_rd_m=A2FGELUUNOQJNL&pf_rd_p=e31d89dd-322d-4646-8962-327b42fe94b1&pf_rd_r=YNFJ1YWW18BW8Q97NX74&pf_rd_s=center-1&pf_rd_t=15506&pf_rd_i=top&ref_=chttp_tt_169
Cool Hand Luke,1967,8.1,Stuart Rosenberg,"Paul Newman, George Kennedy",https://www.imdb.com/title/tt0061512/?pf_rd_m=A2FGELUUNOQJNL&pf_rd_p=e31d89dd-322d-4646-8962-327b42fe94b1&pf_rd_r=YNFJ1YWW18BW8Q97NX74&pf_rd_s=center-1&pf_rd_t=15506&pf_rd_i=top&ref_=chttp_tt_170
Rebecca,1940,8.1,Alfred Hitchcock,"Laurence Olivier, Joan Fontaine",https://www.imdb.com/title/tt0032976/?pf_rd_m=A2FGELUUNOQJNL&pf_rd_p=e31d89dd-322d-4646-8962-327b42fe94b1&pf_rd_r=YNFJ1YWW18BW8Q97NX74&pf_rd_s=center-1&pf_rd_t=15506&pf_rd_i=top&ref_=chttp_tt_171
Shutter Island,2010,8.1,Martin Scorsese,"Leonardo DiCaprio, Emily Mortimer",https://www.imdb.com/title/tt1130884/?pf_rd_m=A2FGELUUNOQJNL&pf_rd_p=e31d89dd-322d-4646-8962-327b42fe94b1&pf_rd_r=YNFJ1YWW18BW8Q97NX74&pf_rd_s=center-1&pf_rd_t=15506&pf_rd_i=top&ref_=chttp_tt_172
Sunrise: A Song of Two Humans,1927,8.1,F.W. Murnau,"George O'Brien, Janet Gaynor",https://www.imdb.com/title/tt0018455/?pf_rd_m=A2FGELUUNOQJNL&pf_rd_p=e31d89dd-322d-4646-8962-327b42fe94b1&pf_rd_r=YNFJ1YWW18BW8Q97NX74&pf_rd_s=center-1&pf_rd_t=15506&pf_rd_i=top&ref_=chttp_tt_173
Tôkyô monogatari,1953,8.1,Yasujirô Ozu,"Chishû Ryû, Chieko Higashiyama",https://www.imdb.com/title/tt0046438/?pf_rd_m=A2FGELUUNOQJNL&pf_rd_p=e31d89dd-322d-4646-8962-327b42fe94b1&pf_rd_r=YNFJ1YWW18BW8Q97NX74&pf_rd_s=center-1&pf_rd_t=15506&pf_rd_i=top&ref_=chttp_tt_174
Hacksaw Ridge,2016,8.1,Mel Gibson,"Andrew Garfield, Sam Worthington",https://www.imdb.com/title/tt2119532/?pf_rd_m=A2FGELUUNOQJNL&pf_rd_p=e31d89dd-322d-4646-8962-327b42fe94b1&pf_rd_r=YNFJ1YWW18BW8Q97NX74&pf_rd_s=center-1&pf_rd_t=15506&pf_rd_i=top&ref_=chttp_tt_175
Mary and Max,2009,8.1,Adam Elliot,"Toni Collette, Philip Seymour Hoffman",https://www.imdb.com/title/tt0978762/?pf_rd_m=A2FGELUUNOQJNL&pf_rd_p=e31d89dd-322d-4646-8962-327b42fe94b1&pf_rd_r=YNFJ1YWW18BW8Q97NX74&pf_rd_s=center-1&pf_rd_t=15506&pf_rd_i=top&ref_=chttp_tt_176
How to Train Your Dragon,2010,8.1,Dean DeBlois,"Jay Baruchel, Gerard Butler",https://www.imdb.com/title/tt0892769/?pf_rd_m=A2FGELUUNOQJNL&pf_rd_p=e31d89dd-322d-4646-8962-327b42fe94b1&pf_rd_r=YNFJ1YWW18BW8Q97NX74&pf_rd_s=center-1&pf_rd_t=15506&pf_rd_i=top&ref_=chttp_tt_177
Gone Girl,2014,8.1,David Fincher,"Ben Affleck, Rosamund Pike",https://www.imdb.com/title/tt2267998/?pf_rd_m=A2FGELUUNOQJNL&pf_rd_p=e31d89dd-322d-4646-8962-327b42fe94b1&pf_rd_r=YNFJ1YWW18BW8Q97NX74&pf_rd_s=center-1&pf_rd_t=15506&pf_rd_i=top&ref_=chttp_tt_178
Eskiya,1996,8.1,Yavuz Turgul,"Sener Sen, Ugur Yücel",https://www.imdb.com/title/tt0116231/?pf_rd_m=A2FGELUUNOQJNL&pf_rd_p=e31d89dd-322d-4646-8962-327b42fe94b1&pf_rd_r=YNFJ1YWW18BW8Q97NX74&pf_rd_s=center-1&pf_rd_t=15506&pf_rd_i=top&ref_=chttp_tt_179
Relatos salvajes,2014,8.1,Damián Szifron,"Darío Grandinetti, María Marull",https://www.imdb.com/title/tt3011894/?pf_rd_m=A2FGELUUNOQJNL&pf_rd_p=e31d89dd-322d-4646-8962-327b42fe94b1&pf_rd_r=YNFJ1YWW18BW8Q97NX74&pf_rd_s=center-1&pf_rd_t=15506&pf_rd_i=top&ref_=chttp_tt_180
Into the Wild,2007,8.1,Sean Penn,"Emile Hirsch, Vince Vaughn",https://www.imdb.com/title/tt0758758/?pf_rd_m=A2FGELUUNOQJNL&pf_rd_p=e31d89dd-322d-4646-8962-327b42fe94b1&pf_rd_r=YNFJ1YWW18BW8Q97NX74&pf_rd_s=center-1&pf_rd_t=15506&pf_rd_i=top&ref_=chttp_tt_181
Life of Brian,1979,8.1,Terry Jones,"Graham Chapman, John Cleese",https://www.imdb.com/title/tt0079470/?pf_rd_m=A2FGELUUNOQJNL&pf_rd_p=e31d89dd-322d-4646-8962-327b42fe94b1&pf_rd_r=YNFJ1YWW18BW8Q97NX74&pf_rd_s=center-1&pf_rd_t=15506&pf_rd_i=top&ref_=chttp_tt_182
Andrei Rublev,1966,8.1,Andrei Tarkovsky,"Anatoliy Solonitsyn, Ivan Lapikov",https://www.imdb.com/title/tt0060107/?pf_rd_m=A2FGELUUNOQJNL&pf_rd_p=e31d89dd-322d-4646-8962-327b42fe94b1&pf_rd_r=YNFJ1YWW18BW8Q97NX74&pf_rd_s=center-1&pf_rd_t=15506&pf_rd_i=top&ref_=chttp_tt_183
It Happened One Night,1934,8.1,Frank Capra,"Clark Gable, Claudette Colbert",https://www.imdb.com/title/tt0025316/?pf_rd_m=A2FGELUUNOQJNL&pf_rd_p=e31d89dd-322d-4646-8962-327b42fe94b1&pf_rd_r=YNFJ1YWW18BW8Q97NX74&pf_rd_s=center-1&pf_rd_t=15506&pf_rd_i=top&ref_=chttp_tt_184
Platoon,1986,8.1,Oliver Stone,"Charlie Sheen, Tom Berenger",https://www.imdb.com/title/tt0091763/?pf_rd_m=A2FGELUUNOQJNL&pf_rd_p=e31d89dd-322d-4646-8962-327b42fe94b1&pf_rd_r=YNFJ1YWW18BW8Q97NX74&pf_rd_s=center-1&pf_rd_t=15506&pf_rd_i=top&ref_=chttp_tt_185
In the Name of the Father,1993,8.1,Jim Sheridan,"Daniel Day-Lewis, Pete Postlethwaite",https://www.imdb.com/title/tt0107207/?pf_rd_m=A2FGELUUNOQJNL&pf_rd_p=e31d89dd-322d-4646-8962-327b42fe94b1&pf_rd_r=YNFJ1YWW18BW8Q97NX74&pf_rd_s=center-1&pf_rd_t=15506&pf_rd_i=top&ref_=chttp_tt_186
Rang De Basanti,2006,8.1,Rakeysh Omprakash Mehra,"Aamir Khan, Soha Ali Khan",https://www.imdb.com/title/tt0405508/?pf_rd_m=A2FGELUUNOQJNL&pf_rd_p=e31d89dd-322d-4646-8962-327b42fe94b1&pf_rd_r=YNFJ1YWW18BW8Q97NX74&pf_rd_s=center-1&pf_rd_t=15506&pf_rd_i=top&ref_=chttp_tt_187
Jurassic Park,1993,8.1,Steven Spielberg,"Sam Neill, Laura Dern",https://www.imdb.com/title/tt0107290/?pf_rd_m=A2FGELUUNOQJNL&pf_rd_p=e31d89dd-322d-4646-8962-327b42fe94b1&pf_rd_r=YNFJ1YWW18BW8Q97NX74&pf_rd_s=center-1&pf_rd_t=15506&pf_rd_i=top&ref_=chttp_tt_188
Stand by Me,1986,8.1,Rob Reiner,"Wil Wheaton, River Phoenix",https://www.imdb.com/title/tt0092005/?pf_rd_m=A2FGELUUNOQJNL&pf_rd_p=e31d89dd-322d-4646-8962-327b42fe94b1&pf_rd_r=YNFJ1YWW18BW8Q97NX74&pf_rd_s=center-1&pf_rd_t=15506&pf_rd_i=top&ref_=chttp_tt_189
The Grand Budapest Hotel,2014,8.1,Wes Anderson,"Ralph Fiennes, F. Murray Abraham",https://www.imdb.com/title/tt2278388/?pf_rd_m=A2FGELUUNOQJNL&pf_rd_p=e31d89dd-322d-4646-8962-327b42fe94b1&pf_rd_r=YNFJ1YWW18BW8Q97NX74&pf_rd_s=center-1&pf_rd_t=15506&pf_rd_i=top&ref_=chttp_tt_190
Network,1976,8.1,Sidney Lumet,"Faye Dunaway, William Holden",https://www.imdb.com/title/tt0074958/?pf_rd_m=A2FGELUUNOQJNL&pf_rd_p=e31d89dd-322d-4646-8962-327b42fe94b1&pf_rd_r=YNFJ1YWW18BW8Q97NX74&pf_rd_s=center-1&pf_rd_t=15506&pf_rd_i=top&ref_=chttp_tt_191
Hotel Rwanda,2004,8.1,Terry George,"Don Cheadle, Sophie Okonedo",https://www.imdb.com/title/tt0395169/?pf_rd_m=A2FGELUUNOQJNL&pf_rd_p=e31d89dd-322d-4646-8962-327b42fe94b1&pf_rd_r=YNFJ1YWW18BW8Q97NX74&pf_rd_s=center-1&pf_rd_t=15506&pf_rd_i=top&ref_=chttp_tt_192
La passion de Jeanne d'Arc,1928,8.1,Carl Theodor Dreyer,"Maria Falconetti, Eugene Silvain",https://www.imdb.com/title/tt0019254/?pf_rd_m=A2FGELUUNOQJNL&pf_rd_p=e31d89dd-322d-4646-8962-327b42fe94b1&pf_rd_r=YNFJ1YWW18BW8Q97NX74&pf_rd_s=center-1&pf_rd_t=15506&pf_rd_i=top&ref_=chttp_tt_193
Stalker,1979,8.1,Andrei Tarkovsky,"Alisa Freyndlikh, Aleksandr Kaydanovskiy",https://www.imdb.com/title/tt0079944/?pf_rd_m=A2FGELUUNOQJNL&pf_rd_p=e31d89dd-322d-4646-8962-327b42fe94b1&pf_rd_r=YNFJ1YWW18BW8Q97NX74&pf_rd_s=center-1&pf_rd_t=15506&pf_rd_i=top&ref_=chttp_tt_194
Ben-Hur,1959,8.1,William Wyler,"Charlton Heston, Jack Hawkins",https://www.imdb.com/title/tt0052618/?pf_rd_m=A2FGELUUNOQJNL&pf_rd_p=e31d89dd-322d-4646-8962-327b42fe94b1&pf_rd_r=YNFJ1YWW18BW8Q97NX74&pf_rd_s=center-1&pf_rd_t=15506&pf_rd_i=top&ref_=chttp_tt_195
Le salaire de la peur,1953,8.1,Henri-Georges Clouzot,"Yves Montand, Charles Vanel",https://www.imdb.com/title/tt0046268/?pf_rd_m=A2FGELUUNOQJNL&pf_rd_p=e31d89dd-322d-4646-8962-327b42fe94b1&pf_rd_r=YNFJ1YWW18BW8Q97NX74&pf_rd_s=center-1&pf_rd_t=15506&pf_rd_i=top&ref_=chttp_tt_196
Persona,1966,8.1,Ingmar Bergman,"Bibi Andersson, Liv Ullmann",https://www.imdb.com/title/tt0060827/?pf_rd_m=A2FGELUUNOQJNL&pf_rd_p=e31d89dd-322d-4646-8962-327b42fe94b1&pf_rd_r=YNFJ1YWW18BW8Q97NX74&pf_rd_s=center-1&pf_rd_t=15506&pf_rd_i=top&ref_=chttp_tt_197
The Truman Show,1998,8.1,Peter Weir,"Jim Carrey, Ed Harris",https://www.imdb.com/title/tt0120382/?pf_rd_m=A2FGELUUNOQJNL&pf_rd_p=e31d89dd-322d-4646-8962-327b42fe94b1&pf_rd_r=YNFJ1YWW18BW8Q97NX74&pf_rd_s=center-1&pf_rd_t=15506&pf_rd_i=top&ref_=chttp_tt_198
Rush,2013,8.1,Ron Howard,"Daniel Brühl, Chris Hemsworth",https://www.imdb.com/title/tt1979320/?pf_rd_m=A2FGELUUNOQJNL&pf_rd_p=e31d89dd-322d-4646-8962-327b42fe94b1&pf_rd_r=YNFJ1YWW18BW8Q97NX74&pf_rd_s=center-1&pf_rd_t=15506&pf_rd_i=top&ref_=chttp_tt_199
Salinui chueok,2003,8.1,Joon-ho Bong,"Kang-ho Song, Sang-kyung Kim",https://www.imdb.com/title/tt0353969/?pf_rd_m=A2FGELUUNOQJNL&pf_rd_p=e31d89dd-322d-4646-8962-327b42fe94b1&pf_rd_r=YNFJ1YWW18BW8Q97NX74&pf_rd_s=center-1&pf_rd_t=15506&pf_rd_i=top&ref_=chttp_tt_200
12 Years a Slave,2013,8.1,Steve McQueen,"Chiwetel Ejiofor, Michael Kenneth Williams",https://www.imdb.com/title/tt2024544/?pf_rd_m=A2FGELUUNOQJNL&pf_rd_p=e31d89dd-322d-4646-8962-327b42fe94b1&pf_rd_r=YNFJ1YWW18BW8Q97NX74&pf_rd_s=center-1&pf_rd_t=15506&pf_rd_i=top&ref_=chttp_tt_201
Million Dollar Baby,2004,8.1,Clint Eastwood,"Hilary Swank, Clint Eastwood",https://www.imdb.com/title/tt0405159/?pf_rd_m=A2FGELUUNOQJNL&pf_rd_p=e31d89dd-322d-4646-8962-327b42fe94b1&pf_rd_r=YNFJ1YWW18BW8Q97NX74&pf_rd_s=center-1&pf_rd_t=15506&pf_rd_i=top&ref_=chttp_tt_202
Mad Max: Fury Road,2015,8.1,George Miller,"Tom Hardy, Charlize Theron",https://www.imdb.com/title/tt1392190/?pf_rd_m=A2FGELUUNOQJNL&pf_rd_p=e31d89dd-322d-4646-8962-327b42fe94b1&pf_rd_r=YNFJ1YWW18BW8Q97NX74&pf_rd_s=center-1&pf_rd_t=15506&pf_rd_i=top&ref_=chttp_tt_203
Les quatre cents coups,1959,8.1,François Truffaut,"Jean-Pierre Léaud, Albert Rémy",https://www.imdb.com/title/tt0053198/?pf_rd_m=A2FGELUUNOQJNL&pf_rd_p=e31d89dd-322d-4646-8962-327b42fe94b1&pf_rd_r=YNFJ1YWW18BW8Q97NX74&pf_rd_s=center-1&pf_rd_t=15506&pf_rd_i=top&ref_=chttp_tt_204
Spotlight,2015,8.1,Tom McCarthy,"Mark Ruffalo, Michael Keaton",https://www.imdb.com/title/tt1895587/?pf_rd_m=A2FGELUUNOQJNL&pf_rd_p=e31d89dd-322d-4646-8962-327b42fe94b1&pf_rd_r=YNFJ1YWW18BW8Q97NX74&pf_rd_s=center-1&pf_rd_t=15506&pf_rd_i=top&ref_=chttp_tt_205
Logan,2017,8.1,James Mangold,"Hugh Jackman, Patrick Stewart",https://www.imdb.com/title/tt3315342/?pf_rd_m=A2FGELUUNOQJNL&pf_rd_p=e31d89dd-322d-4646-8962-327b42fe94b1&pf_rd_r=YNFJ1YWW18BW8Q97NX74&pf_rd_s=center-1&pf_rd_t=15506&pf_rd_i=top&ref_=chttp_tt_206
Blade Runner 2049,2017,8.1,Denis Villeneuve,"Harrison Ford, Ryan Gosling",https://www.imdb.com/title/tt1856101/?pf_rd_m=A2FGELUUNOQJNL&pf_rd_p=e31d89dd-322d-4646-8962-327b42fe94b1&pf_rd_r=YNFJ1YWW18BW8Q97NX74&pf_rd_s=center-1&pf_rd_t=15506&pf_rd_i=top&ref_=chttp_tt_207
Before Sunrise,1995,8.1,Richard Linklater,"Ethan Hawke, Julie Delpy",https://www.imdb.com/title/tt0112471/?pf_rd_m=A2FGELUUNOQJNL&pf_rd_p=e31d89dd-322d-4646-8962-327b42fe94b1&pf_rd_r=YNFJ1YWW18BW8Q97NX74&pf_rd_s=center-1&pf_rd_t=15506&pf_rd_i=top&ref_=chttp_tt_208
Amores perros,2000,8.1,Alejandro G. Iñárritu,"Emilio Echevarría, Gael García Bernal",https://www.imdb.com/title/tt0245712/?pf_rd_m=A2FGELUUNOQJNL&pf_rd_p=e31d89dd-322d-4646-8962-327b42fe94b1&pf_rd_r=YNFJ1YWW18BW8Q97NX74&pf_rd_s=center-1&pf_rd_t=15506&pf_rd_i=top&ref_=chttp_tt_209
Hachi: A Dog's Tale,2009,8.1,Lasse Hallström,"Richard Gere, Joan Allen",https://www.imdb.com/title/tt1028532/?pf_rd_m=A2FGELUUNOQJNL&pf_rd_p=e31d89dd-322d-4646-8962-327b42fe94b1&pf_rd_r=YNFJ1YWW18BW8Q97NX74&pf_rd_s=center-1&pf_rd_t=15506&pf_rd_i=top&ref_=chttp_tt_210
Prisoners,2013,8.1,Denis Villeneuve,"Hugh Jackman, Jake Gyllenhaal",https://www.imdb.com/title/tt1392214/?pf_rd_m=A2FGELUUNOQJNL&pf_rd_p=e31d89dd-322d-4646-8962-327b42fe94b1&pf_rd_r=YNFJ1YWW18BW8Q97NX74&pf_rd_s=center-1&pf_rd_t=15506&pf_rd_i=top&ref_=chttp_tt_211
Butch Cassidy and the Sundance Kid,1969,8.1,George Roy Hill,"Paul Newman, Robert Redford",https://www.imdb.com/title/tt0064115/?pf_rd_m=A2FGELUUNOQJNL&pf_rd_p=e31d89dd-322d-4646-8962-327b42fe94b1&pf_rd_r=YNFJ1YWW18BW8Q97NX74&pf_rd_s=center-1&pf_rd_t=15506&pf_rd_i=top&ref_=chttp_tt_212
The Princess Bride,1987,8.1,Rob Reiner,"Cary Elwes, Mandy Patinkin",https://www.imdb.com/title/tt0093779/?pf_rd_m=A2FGELUUNOQJNL&pf_rd_p=e31d89dd-322d-4646-8962-327b42fe94b1&pf_rd_r=YNFJ1YWW18BW8Q97NX74&pf_rd_s=center-1&pf_rd_t=15506&pf_rd_i=top&ref_=chttp_tt_213
Kaze no tani no Naushika,1984,8.0,Hayao Miyazaki,"Sumi Shimamoto, Mahito Tsujimura",https://www.imdb.com/title/tt0087544/?pf_rd_m=A2FGELUUNOQJNL&pf_rd_p=e31d89dd-322d-4646-8962-327b42fe94b1&pf_rd_r=YNFJ1YWW18BW8Q97NX74&pf_rd_s=center-1&pf_rd_t=15506&pf_rd_i=top&ref_=chttp_tt_214
Catch Me If You Can,2002,8.0,Steven Spielberg,"Leonardo DiCaprio, Tom Hanks",https://www.imdb.com/title/tt0264464/?pf_rd_m=A2FGELUUNOQJNL&pf_rd_p=e31d89dd-322d-4646-8962-327b42fe94b1&pf_rd_r=YNFJ1YWW18BW8Q97NX74&pf_rd_s=center-1&pf_rd_t=15506&pf_rd_i=top&ref_=chttp_tt_215
Harry Potter and the Deathly Hallows: Part 2,2011,8.0,David Yates,"Daniel Radcliffe, Emma Watson",https://www.imdb.com/title/tt1201607/?pf_rd_m=A2FGELUUNOQJNL&pf_rd_p=e31d89dd-322d-4646-8962-327b42fe94b1&pf_rd_r=YNFJ1YWW18BW8Q97NX74&pf_rd_s=center-1&pf_rd_t=15506&pf_rd_i=top&ref_=chttp_tt_216
Rocky,1976,8.0,John G. Avildsen,"Sylvester Stallone, Talia Shire",https://www.imdb.com/title/tt0075148/?pf_rd_m=A2FGELUUNOQJNL&pf_rd_p=e31d89dd-322d-4646-8962-327b42fe94b1&pf_rd_r=YNFJ1YWW18BW8Q97NX74&pf_rd_s=center-1&pf_rd_t=15506&pf_rd_i=top&ref_=chttp_tt_217
La La Land,2016,8.0,Damien Chazelle,"Ryan Gosling, Emma Stone",https://www.imdb.com/title/tt3783958/?pf_rd_m=A2FGELUUNOQJNL&pf_rd_p=e31d89dd-322d-4646-8962-327b42fe94b1&pf_rd_r=YNFJ1YWW18BW8Q97NX74&pf_rd_s=center-1&pf_rd_t=15506&pf_rd_i=top&ref_=chttp_tt_218
The Maltese Falcon,1941,8.0,John Huston,"Humphrey Bogart, Mary Astor",https://www.imdb.com/title/tt0033870/?pf_rd_m=A2FGELUUNOQJNL&pf_rd_p=e31d89dd-322d-4646-8962-327b42fe94b1&pf_rd_r=YNFJ1YWW18BW8Q97NX74&pf_rd_s=center-1&pf_rd_t=15506&pf_rd_i=top&ref_=chttp_tt_219
The Grapes of Wrath,1940,8.0,John Ford,"Henry Fonda, Jane Darwell",https://www.imdb.com/title/tt0032551/?pf_rd_m=A2FGELUUNOQJNL&pf_rd_p=e31d89dd-322d-4646-8962-327b42fe94b1&pf_rd_r=YNFJ1YWW18BW8Q97NX74&pf_rd_s=center-1&pf_rd_t=15506&pf_rd_i=top&ref_=chttp_tt_220
Barry Lyndon,1975,8.0,Stanley Kubrick,"Ryan O'Neal, Marisa Berenson",https://www.imdb.com/title/tt0072684/?pf_rd_m=A2FGELUUNOQJNL&pf_rd_p=e31d89dd-322d-4646-8962-327b42fe94b1&pf_rd_r=YNFJ1YWW18BW8Q97NX74&pf_rd_s=center-1&pf_rd_t=15506&pf_rd_i=top&ref_=chttp_tt_221
"Monsters, Inc.",2001,8.0,Pete Docter,"Billy Crystal, John Goodman",https://www.imdb.com/title/tt0198781/?pf_rd_m=A2FGELUUNOQJNL&pf_rd_p=e31d89dd-322d-4646-8962-327b42fe94b1&pf_rd_r=YNFJ1YWW18BW8Q97NX74&pf_rd_s=center-1&pf_rd_t=15506&pf_rd_i=top&ref_=chttp_tt_222
Le notti di Cabiria,1957,8.0,Federico Fellini,"Giulietta Masina, François Périer",https://www.imdb.com/title/tt0050783/?pf_rd_m=A2FGELUUNOQJNL&pf_rd_p=e31d89dd-322d-4646-8962-327b42fe94b1&pf_rd_r=YNFJ1YWW18BW8Q97NX74&pf_rd_s=center-1&pf_rd_t=15506&pf_rd_i=top&ref_=chttp_tt_223
Donnie Darko,2001,8.0,Richard Kelly,"Jake Gyllenhaal, Jena Malone",https://www.imdb.com/title/tt0246578/?pf_rd_m=A2FGELUUNOQJNL&pf_rd_p=e31d89dd-322d-4646-8962-327b42fe94b1&pf_rd_r=YNFJ1YWW18BW8Q97NX74&pf_rd_s=center-1&pf_rd_t=15506&pf_rd_i=top&ref_=chttp_tt_224
A Wednesday,2008,8.0,Neeraj Pandey,"Anupam Kher, Naseeruddin Shah",https://www.imdb.com/title/tt1280558/?pf_rd_m=A2FGELUUNOQJNL&pf_rd_p=e31d89dd-322d-4646-8962-327b42fe94b1&pf_rd_r=YNFJ1YWW18BW8Q97NX74&pf_rd_s=center-1&pf_rd_t=15506&pf_rd_i=top&ref_=chttp_tt_225
Les diaboliques,1955,8.0,Henri-Georges Clouzot,"Simone Signoret, Véra Clouzot",https://www.imdb.com/title/tt0046911/?pf_rd_m=A2FGELUUNOQJNL&pf_rd_p=e31d89dd-322d-4646-8962-327b42fe94b1&pf_rd_r=YNFJ1YWW18BW8Q97NX74&pf_rd_s=center-1&pf_rd_t=15506&pf_rd_i=top&ref_=chttp_tt_226
Gandhi,1982,8.0,Richard Attenborough,"Ben Kingsley, John Gielgud",https://www.imdb.com/title/tt0083987/?pf_rd_m=A2FGELUUNOQJNL&pf_rd_p=e31d89dd-322d-4646-8962-327b42fe94b1&pf_rd_r=YNFJ1YWW18BW8Q97NX74&pf_rd_s=center-1&pf_rd_t=15506&pf_rd_i=top&ref_=chttp_tt_227
The Terminator,1984,8.0,James Cameron,"Arnold Schwarzenegger, Linda Hamilton",https://www.imdb.com/title/tt0088247/?pf_rd_m=A2FGELUUNOQJNL&pf_rd_p=e31d89dd-322d-4646-8962-327b42fe94b1&pf_rd_r=YNFJ1YWW18BW8Q97NX74&pf_rd_s=center-1&pf_rd_t=15506&pf_rd_i=top&ref_=chttp_tt_228
Paper Moon,1973,8.0,Peter Bogdanovich,"Ryan O'Neal, Tatum O'Neal",https://www.imdb.com/title/tt0070510/?pf_rd_m=A2FGELUUNOQJNL&pf_rd_p=e31d89dd-322d-4646-8962-327b42fe94b1&pf_rd_r=YNFJ1YWW18BW8Q97NX74&pf_rd_s=center-1&pf_rd_t=15506&pf_rd_i=top&ref_=chttp_tt_229
Groundhog Day,1993,8.0,Harold Ramis,"Bill Murray, Andie MacDowell",https://www.imdb.com/title/tt0107048/?pf_rd_m=A2FGELUUNOQJNL&pf_rd_p=e31d89dd-322d-4646-8962-327b42fe94b1&pf_rd_r=YNFJ1YWW18BW8Q97NX74&pf_rd_s=center-1&pf_rd_t=15506&pf_rd_i=top&ref_=chttp_tt_230
La haine,1995,8.0,Mathieu Kassovitz,"Vincent Cassel, Hubert Koundé",https://www.imdb.com/title/tt0113247/?pf_rd_m=A2FGELUUNOQJNL&pf_rd_p=e31d89dd-322d-4646-8962-327b42fe94b1&pf_rd_r=YNFJ1YWW18BW8Q97NX74&pf_rd_s=center-1&pf_rd_t=15506&pf_rd_i=top&ref_=chttp_tt_231
The Wizard of Oz,1939,8.0,Victor Fleming,"Judy Garland, Frank Morgan",https://www.imdb.com/title/tt0032138/?pf_rd_m=A2FGELUUNOQJNL&pf_rd_p=e31d89dd-322d-4646-8962-327b42fe94b1&pf_rd_r=YNFJ1YWW18BW8Q97NX74&pf_rd_s=center-1&pf_rd_t=15506&pf_rd_i=top&ref_=chttp_tt_232
Touch of Evil,1958,8.0,Orson Welles,"Charlton Heston, Orson Welles",https://www.imdb.com/title/tt0052311/?pf_rd_m=A2FGELUUNOQJNL&pf_rd_p=e31d89dd-322d-4646-8962-327b42fe94b1&pf_rd_r=YNFJ1YWW18BW8Q97NX74&pf_rd_s=center-1&pf_rd_t=15506&pf_rd_i=top&ref_=chttp_tt_233
Dead Poets Society,1989,8.0,Peter Weir,"Robin Williams, Robert Sean Leonard",https://www.imdb.com/title/tt0097165/?pf_rd_m=A2FGELUUNOQJNL&pf_rd_p=e31d89dd-322d-4646-8962-327b42fe94b1&pf_rd_r=YNFJ1YWW18BW8Q97NX74&pf_rd_s=center-1&pf_rd_t=15506&pf_rd_i=top&ref_=chttp_tt_234
Jaws,1975,8.0,Steven Spielberg,"Roy Scheider, Robert Shaw",https://www.imdb.com/title/tt0073195/?pf_rd_m=A2FGELUUNOQJNL&pf_rd_p=e31d89dd-322d-4646-8962-327b42fe94b1&pf_rd_r=YNFJ1YWW18BW8Q97NX74&pf_rd_s=center-1&pf_rd_t=15506&pf_rd_i=top&ref_=chttp_tt_235
The Bourne Ultimatum,2007,8.0,Paul Greengrass,"Matt Damon, Edgar Ramírez",https://www.imdb.com/title/tt0440963/?pf_rd_m=A2FGELUUNOQJNL&pf_rd_p=e31d89dd-322d-4646-8962-327b42fe94b1&pf_rd_r=YNFJ1YWW18BW8Q97NX74&pf_rd_s=center-1&pf_rd_t=15506&pf_rd_i=top&ref_=chttp_tt_236
The Help,2011,8.0,Tate Taylor,"Emma Stone, Viola Davis",https://www.imdb.com/title/tt1454029/?pf_rd_m=A2FGELUUNOQJNL&pf_rd_p=e31d89dd-322d-4646-8962-327b42fe94b1&pf_rd_r=YNFJ1YWW18BW8Q97NX74&pf_rd_s=center-1&pf_rd_t=15506&pf_rd_i=top&ref_=chttp_tt_237
Faa yeung nin wa,2000,8.0,Kar-Wai Wong,"Tony Chiu-Wai Leung, Maggie Cheung",https://www.imdb.com/title/tt0118694/?pf_rd_m=A2FGELUUNOQJNL&pf_rd_p=e31d89dd-322d-4646-8962-327b42fe94b1&pf_rd_r=YNFJ1YWW18BW8Q97NX74&pf_rd_s=center-1&pf_rd_t=15506&pf_rd_i=top&ref_=chttp_tt_238
Annie Hall,1977,8.0,Woody Allen,"Woody Allen, Diane Keaton",https://www.imdb.com/title/tt0075686/?pf_rd_m=A2FGELUUNOQJNL&pf_rd_p=e31d89dd-322d-4646-8962-327b42fe94b1&pf_rd_r=YNFJ1YWW18BW8Q97NX74&pf_rd_s=center-1&pf_rd_t=15506&pf_rd_i=top&ref_=chttp_tt_239
8½,1963,8.0,Federico Fellini,"Marcello Mastroianni, Anouk Aimée",https://www.imdb.com/title/tt0056801/?pf_rd_m=A2FGELUUNOQJNL&pf_rd_p=e31d89dd-322d-4646-8962-327b42fe94b1&pf_rd_r=YNFJ1YWW18BW8Q97NX74&pf_rd_s=center-1&pf_rd_t=15506&pf_rd_i=top&ref_=chttp_tt_240
Guardians of the Galaxy,2014,8.0,James Gunn,"Chris Pratt, Vin Diesel",https://www.imdb.com/title/tt2015381/?pf_rd_m=A2FGELUUNOQJNL&pf_rd_p=e31d89dd-322d-4646-8962-327b42fe94b1&pf_rd_r=YNFJ1YWW18BW8Q97NX74&pf_rd_s=center-1&pf_rd_t=15506&pf_rd_i=top&ref_=chttp_tt_241
Kis Uykusu,2014,8.0,Nuri Bilge Ceylan,"Haluk Bilginer, Melisa Sözen",https://www.imdb.com/title/tt2758880/?pf_rd_m=A2FGELUUNOQJNL&pf_rd_p=e31d89dd-322d-4646-8962-327b42fe94b1&pf_rd_r=YNFJ1YWW18BW8Q97NX74&pf_rd_s=center-1&pf_rd_t=15506&pf_rd_i=top&ref_=chttp_tt_242
Before Sunset,2004,8.0,Richard Linklater,"Ethan Hawke, Julie Delpy",https://www.imdb.com/title/tt0381681/?pf_rd_m=A2FGELUUNOQJNL&pf_rd_p=e31d89dd-322d-4646-8962-327b42fe94b1&pf_rd_r=YNFJ1YWW18BW8Q97NX74&pf_rd_s=center-1&pf_rd_t=15506&pf_rd_i=top&ref_=chttp_tt_243
"Paris, Texas",1984,8.0,Wim Wenders,"Harry Dean Stanton, Nastassja Kinski",https://www.imdb.com/title/tt0087884/?pf_rd_m=A2FGELUUNOQJNL&pf_rd_p=e31d89dd-322d-4646-8962-327b42fe94b1&pf_rd_r=YNFJ1YWW18BW8Q97NX74&pf_rd_s=center-1&pf_rd_t=15506&pf_rd_i=top&ref_=chttp_tt_244
The Best Years of Our Lives,1946,8.0,William Wyler,"Myrna Loy, Dana Andrews",https://www.imdb.com/title/tt0036868/?pf_rd_m=A2FGELUUNOQJNL&pf_rd_p=e31d89dd-322d-4646-8962-327b42fe94b1&pf_rd_r=YNFJ1YWW18BW8Q97NX74&pf_rd_s=center-1&pf_rd_t=15506&pf_rd_i=top&ref_=chttp_tt_245
Pirates of the Caribbean: The Curse of the Black Pearl,2003,8.0,Gore Verbinski,"Johnny Depp, Geoffrey Rush",https://www.imdb.com/title/tt0325980/?pf_rd_m=A2FGELUUNOQJNL&pf_rd_p=e31d89dd-322d-4646-8962-327b42fe94b1&pf_rd_r=YNFJ1YWW18BW8Q97NX74&pf_rd_s=center-1&pf_rd_t=15506&pf_rd_i=top&ref_=chttp_tt_246
Ah-ga-ssi,2016,8.0,Chan-wook Park,"Min-hee Kim, Jung-woo Ha",https://www.imdb.com/title/tt4016934/?pf_rd_m=A2FGELUUNOQJNL&pf_rd_p=e31d89dd-322d-4646-8962-327b42fe94b1&pf_rd_r=YNFJ1YWW18BW8Q97NX74&pf_rd_s=center-1&pf_rd_t=15506&pf_rd_i=top&ref_=chttp_tt_247
Twelve Monkeys,1995,8.0,Terry Gilliam,"Bruce Willis, Madeleine Stowe",https://www.imdb.com/title/tt0114746/?pf_rd_m=A2FGELUUNOQJNL&pf_rd_p=e31d89dd-322d-4646-8962-327b42fe94b1&pf_rd_r=YNFJ1YWW18BW8Q97NX74&pf_rd_s=center-1&pf_rd_t=15506&pf_rd_i=top&ref_=chttp_tt_248
La battaglia di Algeri,1966,8.0,Gillo Pontecorvo,"Brahim Hadjadj, Jean Martin",https://www.imdb.com/title/tt0058946/?pf_rd_m=A2FGELUUNOQJNL&pf_rd_p=e31d89dd-322d-4646-8962-327b42fe94b1&pf_rd_r=YNFJ1YWW18BW8Q97NX74&pf_rd_s=center-1&pf_rd_t=15506&pf_rd_i=top&ref_=chttp_tt_249
Beauty and the Beast,1991,8.0,Gary Trousdale,"Paige O'Hara, Robby Benson",https://www.imdb.com/title/tt0101414/?pf_rd_m=A2FGELUUNOQJNL&pf_rd_p=e31d89dd-322d-4646-8962-327b42fe94b1&pf_rd_r=YNFJ1YWW18BW8Q97NX74&pf_rd_s=center-1&pf_rd_t=15506&pf_rd_i=top&ref_=chttp_tt_250
